wind_speed,swr,Phys.par.C_shelter,Phys.par.Kz_ak,Phys.par.Kz_ak_ice,qual
1,1,0.15,0.03075216,0.000898,1280.87503567992
0.99324916425793,0.975647396602189,0.159656841960717,0.0305319454062999,0.00101148939635908,1275.22890127193
0.965381501752635,0.951832735063065,0.172660992927847,0.0310602346162765,0.0010034049202409,1257.60029150684
0.989788599258029,0.978608522287577,0.189552706849989,0.032108324091437,0.000932145201570771,1256.52403561921
1.19996527906627,0.918716140968892,0.196217842095069,0.0339458726138641,0.000974678694499441,1215.30934365156
1.02423150792363,0.904053843694586,0.182120547703639,0.0368068591877734,0.000787529363350602,1141.94495399081
1.017238866889,0.856078227185987,0.174039405551599,0.03744927897095,0.000708105738369768,1152.96222006659
0.940932296949201,1.10315845984725,0.18893092061531,0.0438986270834395,0.000726420294676616,2012.66553021129
0.967230991124026,0.858492476162421,0.184742871915616,0.0403078936065082,0.000718566351471136,1140.32758243643
0.928333789547353,0.841924297576052,0.160085246506354,0.0406490544334721,0.000773618374387011,1162.17993627718
1.01223296888745,0.867262672566288,0.174973500972856,0.0368706562415326,0.000680930215607512,1154.33343650535
0.947540222847054,0.812208241942048,0.170688698071772,0.0384714535389672,0.000681844112430009,1210.50370113407
0.911065708119992,1.0083133917223,0.180830666224023,0.0390024485692042,0.000688816403430196,1406.20883346735
1.04689706121605,0.914449247882181,0.139168097764759,0.0424445367459561,0.00082590661559376,1113.63793520414
0.936045407418569,0.9012596751785,0.148640263963417,0.040773044180918,0.000915594783846702,1163.77389289583
1.1665614453709,0.989216900954197,0.148047096836071,0.0422609563455859,0.000860708599603365,1131.0446035803
0.974314293183264,0.983372627655895,0.126604799734231,0.0405656297072093,0.000817310521585239,1274.90721662036
0.97071267632092,0.929438923687704,0.128780361006861,0.0458202378019725,0.000974159003219785,1206.18518584205
1.06846868040565,0.873116272884117,0.147449804657931,0.0384215910437807,0.000666898445593818,1122.78513335639
1.05041352431763,0.936027954775448,0.174026244294502,0.042974365863786,0.000783503001603193,1134.34873665325
1.05105478067558,0.801391761335779,0.149032244971327,0.0456501605967641,0.000864269958564049,1153.48596760986
1.00478349932623,0.860963057406754,0.138124677178965,0.0396225464521789,0.000875503242138639,1138.19421523942
0.893697304886897,0.821335534448133,0.144646238499688,0.0408206336293632,0.000775776895790122,1189.66056047291
0.909625939361793,0.905119276662336,0.120732665913201,0.0411917478356682,0.000733924105384349,1176.15825384093
0.926768735550632,1.00155354487464,0.145318044554556,0.0417614317044752,0.000792925309027281,1373.98317417785
1.12690213826919,1.05265294672908,0.12610175293457,0.0450230252896354,0.000643487165564141,1384.88893951194
0.876892894980127,0.993274253310439,0.156072797420282,0.04005442673901,0.00091363736196342,1396.16513978002
1.13885612769585,0.970690973936999,0.150941379194775,0.0447880154971313,0.000881683684158258,1142.45595894377
0.890837444729758,0.945340664843903,0.127780693555274,0.0483961078585347,0.000931480822743042,1351.95352576911
1.01162274569551,0.975515774471977,0.151218468795325,0.0397185268086492,0.000799567265269105,1213.41776551999
1.07976704652509,0.989728148880304,0.133566150285214,0.0415918342723311,0.000741872048244737,1196.60448782615
1.02189834056959,0.941814268891864,0.126512008192867,0.0437865434678511,0.000782985730910601,1169.12130181891
1.01358978411434,0.896832030467655,0.120852699070445,0.0402347363061008,0.000642264672064095,1127.95892947856
1.17209525563535,0.87383579852907,0.127945881509407,0.0439784536386001,0.00089831530267462,1062.27309216999
1.17207210385217,0.879888102967103,0.103406677045731,0.0400592330194956,0.000789359730768284,1176.18888883716
1.14417225577802,0.961863436341544,0.11152436077316,0.0474117755878612,0.000766874579147473,1148.67049918251
1.17186595351367,1.05530416366986,0.136355260025067,0.0452732056453579,0.000897294369358425,1342.52466763955
1.11766110738034,0.873340783811439,0.129407562545633,0.0445127681825909,0.000957216636239758,1077.56445990318
1.05344326330223,0.898867462387174,0.109904945747463,0.0456678065918834,0.00084091571580293,1118.39032300522
1.1568197681693,0.923794816010879,0.127802494015953,0.0463687770152563,0.00094805498705267,1083.67159181292
1.07407132636935,0.897663156784179,0.111045778845566,0.0421008390969645,0.00100983080907378,1103.03390316706
1.05631415947105,1.03322548461655,0.102902952549579,0.0411217293820454,0.00102517619347037,1313.53126559777
1.02694804514977,0.804159178040371,0.127677506838662,0.0416730698801583,0.00090569428176235,1355.53730455451
1.15749777919926,0.828738972159748,0.152873305253351,0.0474847549960896,0.000756513626769587,1094.12612886025
0.925137063507649,0.931496451301076,0.140311899460708,0.0440865992678917,0.000983539054916585,1229.72003350754
1.12917407384228,0.827971335383557,0.130953722036396,0.0517929290367405,0.000865519079230378,1108.42641868182
1.13197746786521,0.913264074156885,0.128093303052985,0.0471564762051427,0.00106705597251051,1092.99121143189
1.14362233704492,0.820810092488811,0.11506003093336,0.0459851541802178,0.000856345503845216,1171.29607230442
1.1805196986669,0.853571168186037,0.105622706397389,0.0449624902242194,0.000893239390452591,1125.47328396899
0.959125705427124,1.02666412045916,0.157139401388005,0.0472891398442274,0.00093069703846477,1565.31747918757
1.1851141441459,1.01400724183684,0.107471760687742,0.0366393418344104,0.000885919713137618,1148.05720662901
1.03003836556885,0.901684777713025,0.118324401906269,0.0416616457294118,0.000785822049433118,1119.40309953215
1.17280629648311,1.12942280989182,0.129231345356004,0.0448969599309877,0.000847212906803721,1584.01374965406
1.09607692782017,0.845127781924694,0.114701303350996,0.0486339382424873,0.00100075755647113,1101.22512367451
1.17487798807029,0.830604869353449,0.139607731594447,0.0443087405524531,0.000943680373849778,1159.26180056949
1.1445112902312,1.01536894515969,0.134324982873645,0.0418346081911703,0.000897342068459908,1191.81746753563
1.16273685388037,0.9846771611121,0.134470919572953,0.0453256956928933,0.00090368453020685,1151.88301687529
1.19198878038216,0.896902591596681,0.102574023352673,0.0415243212951778,0.000930756594586296,1062.89092305643
1.17296272817725,0.95982529519979,0.105028951483396,0.0410818257515053,0.000776025761749302,1085.41812804167
1.14516909840419,0.988357627977078,0.10349127206745,0.0356424974764452,0.000969536474541049,1147.68352853582
0.926899408273235,0.952689492826143,0.105496455440375,0.0410628119376748,0.000897030807900363,1248.7756524469
1.14150901994951,1.04692447536628,0.107821241364666,0.0430389269159505,0.00103340502848509,1279.7541872224
1.18064989971224,0.835264603649114,0.102871436802401,0.0428139251807972,0.000943466032074518,1315.60058530813
1.19674504221483,0.905259292385729,0.130824675247518,0.0421494598465924,0.000764095647248219,1051.47030565749
1.1117346222663,0.974528092673444,0.134987436380693,0.0382954519185897,0.000844186034247481,1142.70294959045
1.18432740595057,0.915032416207014,0.140928095894671,0.042991768326206,0.000854711079456684,1052.85461523051
1.17952416328,1.01267318228929,0.119163463091102,0.0419085034718334,0.000651292324721169,1158.39401647517
1.11480687855111,0.849310352747373,0.129893791247375,0.040542952596869,0.000782887929761075,1268.06801439016
1.0739009656165,1.03541790995001,0.135558988759926,0.0435493093461959,0.000643848786487249,1360.77237486754
1.11261249523339,0.8552319328161,0.152044445619351,0.0401779633665889,0.000729103659560613,1108.54888540739
1.14744565160033,1.14644190322375,0.141988363480127,0.0431496046379072,0.000781492311026016,1671.87025052338
1.14985719064198,1.10647376192822,0.148216520338811,0.0354811763722016,0.000687455688033726,1404.41942461085
1.19267146357792,0.829316341426257,0.126094117571611,0.043180470484923,0.000935311177173538,1312.05037793162
1.17570843383545,0.885023743486077,0.101639087307829,0.0471276798516251,0.000811401567665845,1063.19072718838
1.02034582795761,1.06277920931372,0.11517914889942,0.0444608278139883,0.000726370002605329,1573.91406267066
1.10018657991724,0.96936500404602,0.104360466384363,0.0455503189527054,0.000632930141540191,1170.114262112
1.12659578511724,0.852204685514052,0.115624412064239,0.0408592686215114,0.00090342879080292,1170.59766585476
1.09342298028335,0.98887140232503,0.149423996444972,0.0491804142314808,0.00062491741924325,1305.61845160655
1.18644345922562,0.979621798226419,0.129527435368552,0.0430082470985763,0.000662532725167925,1106.37632155308
1.14171715424522,0.905409814870103,0.145397621406143,0.0437059567774532,0.000922517361480052,1068.71334537143
1.18144780412618,0.819187778816188,0.143192452516931,0.0370378797790261,0.000657029981253178,1475.24978430952
1.0385466468036,0.855687566621644,0.113148412501832,0.0462408420734713,0.000891180179805629,1114.04562623717
1.06740395335102,1.12545572894534,0.121556769017337,0.0481042049840408,0.000738195895292511,1897.9792831531
1.145437042703,0.919509147358582,0.123695385869373,0.0433305358687909,0.000751414018432139,1073.73050340047
1.17915075529923,0.984086650634266,0.127081893491763,0.0520904649985785,0.000817040160502047,1239.42127517505
1.1776277646888,0.873928571806474,0.145943111688233,0.0456747233915222,0.000659770507838938,1057.12644955973
1.14030494897908,0.906443285731954,0.138608534069488,0.0419252588176564,0.000753762148342255,1074.08377002464
0.975791470744232,1.05946645703751,0.116346876184967,0.0376515907430085,0.000684992923505396,1457.38679409724
1.15608910641058,1.01333113645237,0.170754803571117,0.0408003701090272,0.000716686230314728,1175.73013814665
1.10889543121022,1.05198770270456,0.145483996997374,0.0444994734298402,0.00071953405612304,1397.38378073387
1.12839898285261,1.04781190423408,0.136520699718571,0.0372607737724439,0.000769474976382441,1257.65286294854
1.11721901606775,1.16742385224419,0.159602738636915,0.0440114608679906,0.000786317684558673,1884.56066187876
1.15889224943066,0.824284508163991,0.125007184656325,0.0436786491994479,0.000776142596786059,1309.7388751861
1.15292904541769,0.942332093897142,0.127127058775243,0.0447370747484697,0.000730794962037546,1093.64691238929
1.15577989570879,0.981888804889072,0.140201375522653,0.0419367332758409,0.000669527081120429,1126.46403670743
1.01072451615669,1.00864423877693,0.1210275268033,0.0444587741237326,0.000817578552119628,1359.44760648682
1.17993411060443,1.01703445111602,0.118891223168841,0.0446442098939896,0.000810370791934365,1188.58263411061
1.16323445421474,0.917186208000646,0.128819522105907,0.0397501363253471,0.00077146490928772,1073.56673909415
1.18607067656131,0.860330004374474,0.131193264986487,0.0473115412151918,0.000812340466838873,1065.08771564469
1.13104011458475,0.968294057063792,0.128324353958237,0.0424610870855088,0.000567300667472456,1124.59282103153
1.18960352626029,0.88372491997923,0.125165711656923,0.0430855927533346,0.00074039019219396,1098.97318208601
1.16359946434325,0.918000126579771,0.126830003203631,0.0493966702362333,0.000756993092702625,1098.71873875767
1.07388057038515,1.06737622448381,0.125919460413164,0.0436313811922989,0.000869058036150741,1483.49302811393
1.17736277384872,0.996322978856252,0.128336714107672,0.0396871544452179,0.000763505937474672,1124.98603541234
1.09236710869468,0.97818255405936,0.124730488730161,0.038517478471986,0.000998064315683982,1152.38660553891
1.13932513944666,0.882508449498621,0.126618171579083,0.0373080013778513,0.000717839538154768,1272.052886305
1.09981947227338,0.980836195715767,0.123881891983084,0.0362485458673197,0.000795355170173458,1157.33437890594
1.16282443714953,0.899137823908028,0.140481590003956,0.0403746706391745,0.000586625620027889,1069.58684036555
1.16598646871369,0.894107915624675,0.111656456646181,0.0472565263923109,0.00080332613150685,1069.95777477658
1.08753298913767,0.915224898972941,0.129507019373567,0.0422562321624517,0.000868605398600563,1096.85635414831
1.03161383698607,0.822966043740771,0.11775223882557,0.0439042535143578,0.000936814346012761,1140.78142251586
1.01766097699452,0.904729828482432,0.151466720463915,0.0374973921207339,0.000793369030380637,1140.57007275421
1.14696578442691,1.01036094898538,0.122586869179847,0.042021766125407,0.000746055990251436,1180.21039092013
1.18953823967355,0.972256174891792,0.109481057157717,0.0391122423731636,0.0005808191326811,1089.35128166996
1.19599268984252,1.07248542760864,0.139706996171235,0.0409904604093217,0.000693278416360154,1297.67857019957
1.1083492401234,0.87160828368706,0.140340210033859,0.0452765419000108,0.000907877816738058,1082.88800022328
1.15707103683373,0.855653009398484,0.140735345781846,0.0465805908577443,0.000786382101420387,1073.68486875888
1.00968278947273,0.975672332015188,0.149488610968673,0.0403542022266277,0.000781863938008298,1221.52465953477
1.17191019899668,0.908743753301427,0.118547094857661,0.0408091816502469,0.000624362747107592,1066.86015954004
1.05455804754494,0.963937906335298,0.120421508091252,0.043217624414331,0.000828001291076374,1176.35877999213
1.00879999246936,0.898338612229964,0.105606529751282,0.0432765461980246,0.000869644050987907,1127.65921979879
1.13659944214982,0.971072863323529,0.122564695220291,0.0466078746281936,0.000644934336268238,1160.07651302941
1.16378161159889,0.935250884140516,0.144260659445435,0.0370027982649848,0.000685300086997705,1094.6760286483
1.14403417154148,0.864837448240914,0.137781605921391,0.0404905741981048,0.00084817517660649,1238.45158232445
1.18458162719976,0.999981218485266,0.116560258347151,0.037841807645974,0.00084454582613248,1126.01524135241
1.04407711825943,0.899244230894237,0.111984736210609,0.0401198442762554,0.000625467853849041,1118.96747406425
1.00122039383859,0.858146313382942,0.130734821182429,0.0465226378481652,0.000777770349763024,1124.21682917506
1.19171335665354,0.938251266121278,0.115853890144962,0.0445673879951064,0.00074594042916971,1067.72853139942
1.11747433270317,0.919665704956891,0.13909884437442,0.0392234636965934,0.000953033833624856,1096.38610119778
1.029492060184,1.03849469045246,0.133652485404842,0.043140218220707,0.000708253719710072,1419.32242843852
1.11649026791981,0.981797544281057,0.102172274938061,0.0393455312407409,0.000750503307735605,1146.06419996434
1.17998518078724,1.04648412957698,0.128567806404517,0.0424591089249757,0.000771619580369182,1254.5404571759
1.18841646754183,0.901773628109133,0.130127290340083,0.0412033423813605,0.000673202394465573,1058.71464209487
1.11542927784884,0.832427686934815,0.137694845312963,0.0393840622876439,0.000762353002447029,1326.80261363927
1.14859834045416,0.901980794735918,0.15457586983645,0.044235368946055,0.000767328528676525,1064.62536081827
1.14744332725693,0.969649584430002,0.165800414296733,0.0410482940290105,0.000725707903017981,1110.72250106729
1.08963748617092,0.896145309730482,0.147369318504712,0.0451800881553039,0.000660765189486141,1094.56570946534
1.10346999989893,1.05657199291264,0.137009625113434,0.0429163880186276,0.000912668458717788,1385.7922501538
1.19081945115632,0.987452396001941,0.113704697260004,0.0465844627964851,0.000723979923761952,1147.13285952745
1.17770160654112,0.85626755690318,0.169354400468619,0.0414610859182627,0.000826583104632445,1230.0423694305
1.14788667698582,0.934421282968507,0.147866419374334,0.0405767853074929,0.000602074487854516,1080.20871013572
1.16279532039012,0.993751381821923,0.111656463209685,0.0352345776420971,0.000743953113490129,1146.12220168049
1.15627196737282,0.981656991467264,0.143012339827549,0.0416529169540163,0.000861580336347845,1124.02078008692
1.05606446510997,0.887061603035047,0.148286562937072,0.0432636561034265,0.000546792681855792,1101.00757157912
1.05197348178641,0.846950380872788,0.119186244611811,0.0464797851893981,0.00089808798882257,1109.76519215662
1.13141433923486,0.94640693305032,0.130814368331722,0.0421645906260053,0.000780080323270365,1100.59144614772
1.19551691990942,1.00971854173623,0.116206140454297,0.0420209232901603,0.000700625946595692,1142.21293693902
1.17772800446202,1.04599654398913,0.130506600878532,0.0419797011263031,0.000764121929092737,1249.38166670783
1.05768206281211,1.00875526697791,0.135988574510567,0.0385362032489547,0.000918846576976806,1238.45776886389
1.07380986017091,1.04566634213081,0.152349793333556,0.0386261435648297,0.000868176578139165,1321.48378115579
1.1658243181809,0.802078119849618,0.130028398907588,0.0433410519297669,0.000737279801742828,1411.89242358498
1.15778773351026,0.86424072063568,0.152043880857493,0.0399593073598278,0.00092279226073728,1244.55401268462
1.19924238627879,0.966543121789623,0.125237023079446,0.0391601272614162,0.000816970137432686,1079.95785414767
1.14442807518505,0.877305637645457,0.127205946272702,0.0419046251006566,0.000747986487303265,1076.57823008255
1.10084048029108,0.958986433151198,0.144426717039825,0.0438049965380051,0.000972025447267356,1140.78445930187
1.18422682042806,1.13172450250976,0.111523656724001,0.0359827480133228,0.000624667229020198,1419.68583537612
1.15077251008413,0.889692463236795,0.132553653326703,0.0401390723500641,0.000731759788924751,1080.63128833507
1.12112955287834,1.11912382052535,0.169865928194703,0.0425046847298359,0.000819904555437215,1590.441953704
1.17052371866145,0.923088379140695,0.134900675342418,0.036564112934424,0.000726393312134715,1098.18016427005
1.04873095430555,0.88502439914295,0.139438197465805,0.0396482889783378,0.000586485387303749,1117.57069724231
1.1018914563799,0.933071114185678,0.141585714735468,0.0411654384213375,0.000687028869911222,1102.68229559798
1.19428534056814,0.937222263207542,0.132294529065588,0.0456547332179177,0.00065570021940324,1069.8568490747
1.11629949986993,0.856110706374169,0.140956097846779,0.0415512682614911,0.000844565978865215,1097.15679858638
1.19238103229237,0.949192430359868,0.136384618855343,0.0473333726839831,0.000704634551414779,1095.50903726267
1.1012409635135,0.81607786502646,0.150214991149316,0.0390612701149363,0.00084742350181965,1416.1630455875
1.08923221058314,0.821631958407614,0.135489610680394,0.044449459998679,0.000798512324188013,1175.25596408808
1.17596249662842,0.800272467268201,0.151776769562325,0.0413314326709088,0.000758717614151059,1444.99135299765
1.14882049568829,0.904217547471199,0.16817880497332,0.0462125645004565,0.000841457429878462,1069.69948866038
1.09833562514336,0.860164286676257,0.120087234726962,0.035057325665918,0.000619147194500495,1408.5837431868
1.16267134671382,1.02621731506544,0.125512432547108,0.0425234192028979,0.000835108102270358,1204.19921274128
1.09599594628301,0.884615465963302,0.13206255004141,0.0421755596650489,0.000854792134009494,1092.78223878562
0.992721123351465,1.1017605294318,0.104050142304442,0.0427262315282748,0.000739602271648732,1784.83837852833
1.01897935672636,0.874420011428395,0.156755196950341,0.0383439453474262,0.000711019727302235,1138.20283323538
0.97339669144064,0.869796113141954,0.1276913154881,0.0371566722656986,0.00075744223324609,1166.78728479397
1.10911088814139,1.1239021446787,0.108409106712663,0.0418573862802391,0.000904823905347788,1628.91640427345
1.14130419013725,0.909616613958445,0.14185421376178,0.0418098628357157,0.000762857496428052,1073.98323569286
1.04912820139994,0.831837053477655,0.126583276614681,0.0396257982573593,0.000919768476344885,1324.70185397178
1.07347636141312,0.866050465933486,0.112748751446593,0.041938821227741,0.000741067384986537,1103.60424776483
1.11739252812763,1.05013413393222,0.125461882983076,0.0436945695329056,0.000696203915385924,1358.70404728392
1.04879507857467,0.951524702718291,0.135995313639545,0.0447109727607678,0.00077987466147826,1175.14328384431
1.16289274700415,0.981386232439755,0.108380769495376,0.0362177287998868,0.000601921547065366,1131.21537948031
1.10170920979961,0.856300291123743,0.135644371269109,0.0446866319157801,0.000804727341013524,1088.46554670076
1.18763048731883,0.905145738086376,0.125067367923328,0.0421905557805851,0.000781713308279615,1054.63274242768
1.09364914014029,1.12943708815344,0.127924758569954,0.0377832093280177,0.00074703429860389,1600.02986897323
1.06856619219412,0.858154891794729,0.154882491233928,0.0449829434967225,0.000758663522439332,1096.97915008
1.13976384487406,0.923850047705973,0.120447045057364,0.0378386293667277,0.000818323152718133,1096.23763582507
1.13018676668472,0.953931704389185,0.132235518160906,0.0505809514829053,0.000768381602056148,1190.75139113762
1.17213981883637,0.930556749667859,0.143960518897093,0.0417214147518668,0.000592403585520869,1067.29114344571
1.14392667942203,0.903291441425726,0.12982261279018,0.0407317705481933,0.000854427034043057,1075.74814085809
1.04246241400111,0.85269101437715,0.127479581431559,0.0433260961867032,0.000842748614299505,1109.10899386071
1.1112133901787,0.945922459214078,0.128838125597168,0.039299731878947,0.000743136623630154,1102.92092959373
1.00686143934872,0.949438152121743,0.127858614584543,0.0423161007911615,0.000846824541943107,1182.41778704997
1.14115897315354,0.994686714649692,0.14711437266648,0.0439978108413318,0.000720078479822939,1175.25879708405
1.05415044400965,0.99928844193535,0.116734769848834,0.0440669343478893,0.000662286014260449,1266.27899976736
1.16035752476783,0.947422632185229,0.120043452037903,0.0419589411574696,0.000967835599691749,1083.97107412992
1.19286704382207,1.00547623113367,0.150306733353342,0.0431072141867431,0.000559596031608645,1147.26663689032
1.18399749830271,0.897274905604554,0.115931094234547,0.0440885318813081,0.000701154281914483,1053.73832069943
1.1972888219245,0.958575059435728,0.12534703542419,0.0387585521653849,0.000837683211279441,1076.7726281007
1.13173103349222,0.881719331162483,0.140518575523484,0.0395854346147296,0.000570715903556303,1092.14053459698
1.10806856774217,0.941529022602746,0.127912183747446,0.0420667011358274,0.000793721322083825,1109.53753633617
1.10349324733234,0.98540154370207,0.105678020620392,0.0485148955539413,0.000662854813430905,1240.99115949462
1.09875338325161,0.862963208868669,0.133351810319196,0.0460627969345617,0.000669559343339663,1090.08792303256
1.19338113398266,0.880346243968194,0.130260414930819,0.0448433978065087,0.000695253273575983,1052.62852597435
1.07045819053476,0.903733233136848,0.131762879154755,0.0447357131401171,0.000507948684494269,1109.63571109556
1.13400059420811,0.845500568362244,0.105733162195665,0.0427730841915673,0.000687746772785716,1251.58718322177
1.13120011275066,0.905889688548989,0.147512548297299,0.0429728721971509,0.000795353837114426,1072.66702204341
1.12728574257545,0.90502666447952,0.10846168411963,0.0450030120919513,0.000638631007476981,1082.60233584294
1.19159419513507,0.846145496597922,0.14871417155194,0.0410619404221716,0.000781667656673762,1261.75584527347
1.19192553583307,0.895248088022844,0.14224730362644,0.0446740710675636,0.000611712059395556,1046.62399195802
1.13394745212858,0.802373713471957,0.138285469559238,0.0457443111573533,0.000617041276955041,1299.29415098203
1.14863591090552,0.982654853463376,0.148480359296618,0.0420732962730544,0.000584123771627348,1133.58630030946
1.16299609029548,0.975781067551999,0.148068276887422,0.0488219677406176,0.000698365458397615,1186.38298658443
1.11981998533086,0.884189940975911,0.155092552456267,0.0465128117847533,0.000504398980006407,1081.28873255775
1.1037513270225,1.05797669223859,0.135791496699365,0.0398985295018585,0.000840155804516764,1344.70218796493
1.14836372092745,0.88290612941949,0.152175398483681,0.0448922046903831,0.00068423866398204,1065.70198667661
1.17128642104311,0.86821543682391,0.140284271393299,0.0487008777901318,0.000680661063827977,1069.1235831239
1.18817708052376,0.840469556587527,0.114793104995338,0.0406226819431045,0.000591224142371443,1336.69239068387
1.18978975897949,0.907815580819542,0.156840320161591,0.0465344722095751,0.000613885659133464,1057.62550408965
1.12875236127089,0.966598044394831,0.134036613165393,0.0439394033767928,0.000532734822481316,1143.89911866734
1.01666962479541,0.977637781741996,0.157760476772067,0.0405878332071532,0.000522137022173374,1219.65354608156
1.19774780632727,0.83826059598455,0.105609516169904,0.0478314885784454,0.000616615948904256,1210.84324282759
1.16892903501985,0.97340691035018,0.167765238784679,0.0386556510361132,0.000686855933259964,1100.44034963414
1.17933920456781,0.889341424454684,0.140688974393327,0.0392711492126373,0.000631422380372848,1079.46477906463
1.09374575363695,0.857135988194416,0.157716971504198,0.0438047075521696,0.000631285499898432,1089.44239597206
1.08220589091048,1.05475200593076,0.152821801614769,0.0420275632132241,0.000551906816997377,1392.51692353984
0.918635738440791,0.863437954228432,0.144741001851563,0.0457453536932686,0.00063518023068572,1162.7683380666
1.0850623655498,0.894046320722331,0.122932925763281,0.0478543722257744,0.000779519191832842,1114.22756737872
1.19629264501538,0.954211713718343,0.169599446270682,0.0440174796404854,0.000461867037869531,1071.95839008956
0.957124142971464,0.949380444592064,0.155286581988432,0.0393446509835225,0.00064543641820787,1204.53404000851
1.09068115604073,0.888789528950164,0.13232086160877,0.0443395686087728,0.000645187251073837,1091.42870310787
1.15577170822969,0.810458095129871,0.145825866628989,0.049896972298421,0.000608035516686879,1158.20127399531
0.98220013610529,1.02247991009188,0.129921630941378,0.0447121618506231,0.000619417230173693,1455.56650686273
1.04152728607225,0.970884155556167,0.137267306200322,0.0418549482048907,0.000596425266680384,1189.67618224839
1.11592836160526,0.943791408069504,0.139526261827268,0.0506546375955438,0.000692931414325059,1183.05668482147
1.19633622782013,0.891055290582074,0.140924732597213,0.0431730076104633,0.000498964187724465,1050.07561757113
1.12403399519722,0.975962171170844,0.12023990115185,0.0465887109887274,0.000626315250318778,1178.49180018636
1.18382442671772,1.03635913456233,0.125175620623754,0.048986294680541,0.000457619248325288,1347.00849095167
1.07455358054273,0.807782495062628,0.165877271723927,0.0415183330820274,0.000674681078575841,1227.90929549268
1.13396848375943,0.910959499808217,0.151665345184484,0.0431578488617087,0.00069890176291663,1071.6984246092
1.16587835687622,0.865180864880488,0.117615692654757,0.0439472629779405,0.000476482812123978,1112.88052005399
1.16038227698793,0.938264257700544,0.14125279216565,0.0440420492948638,0.000428284515591992,1082.51173719539
1.13754292855326,0.926191083032887,0.140069956521793,0.0457064000139046,0.000675789347195699,1091.70279601987
1.12542361847737,0.948663977716461,0.138780813953072,0.0479378967725698,0.000706137091228628,1146.3400016542
1.11067779273412,0.89545616635303,0.140315262233188,0.0456290509798098,0.000665442606894267,1084.99548416686
1.13052179349141,0.865112311793739,0.129452183612263,0.0394882143096266,0.000547211362572361,1258.45374623262
1.18606830602086,0.973739771899231,0.149424113636547,0.0422184750724866,0.000561378437807968,1097.92332490207
1.1652185189671,0.85058686677595,0.150255079007532,0.0395536598110733,0.000483544694522794,1270.68228448783
0.989280170264499,0.92577007958168,0.157112169966906,0.0422502297315834,0.000743005505648971,1158.86329478332
1.06160500035099,0.957263198069776,0.132057416717572,0.0442159364963197,0.000664976516939676,1177.41552441395
1.1868623203836,0.982884551624075,0.145601760996909,0.0411555855463753,0.000723040569446415,1100.29379093403
1.07653910815127,0.902476882742485,0.155520174987572,0.0400433980940743,0.000653906265922165,1103.81055092024
1.04012718206656,1.01333631950213,0.170401612061242,0.0430573517934764,0.000712844489463188,1328.03600138682
1.16783440503807,0.968440544902724,0.111638410785737,0.0400819800968273,0.000736065472324004,1100.13561410004
1.11928556640386,0.930110912872976,0.127677872801086,0.0458405506286025,0.000698604644181426,1108.75816494567
1.11710532607119,0.835157710375093,0.142775446385886,0.0400116896422423,0.000545103778650031,1309.01108622063
1.0501086806855,0.84938624074963,0.128973488059863,0.0440021102540569,0.000563183595936153,1106.01930962692
1.17670317982139,0.984690500917468,0.135538654195285,0.045911909157604,0.000549088067112251,1146.39180772062
1.04924653077451,0.816894229387983,0.133800081827721,0.0497168152996175,0.000748883284025946,1130.89359791835
1.07486416456971,0.800898425166727,0.147338781797701,0.0488874465711972,0.000583053143075184,1138.29913938333
1.06212191366227,1.10758795664964,0.135460501326716,0.0408450834176594,0.000694151301420414,1626.4528660636
1.08854755156195,0.823786073882818,0.149381424201201,0.0412695989984619,0.000539553056830266,1209.10331997428
1.0451702593102,0.814350109721406,0.135539478049509,0.0436982544134266,0.000516146874138455,1144.4647853779
1.12666414776967,0.821160883855855,0.159411457659168,0.039901537862886,0.000807355415272081,1378.83822827799
1.16078298655528,0.925840758123847,0.145935239687549,0.0389445645282757,0.000496199439883255,1079.44051773052
1.03136594874719,1.0215208893026,0.134552621667305,0.043344703047904,0.00068326939450297,1363.65797627292
1.1289770637416,0.916596331271805,0.149862859733914,0.0387022429441255,0.000682065657961036,1092.61954977047
1.13909337461647,1.02251054792207,0.142938989516022,0.0449486677514378,0.00066791307372462,1268.52691231984
1.12552897300072,0.951650924929614,0.13897501272049,0.0448304135382181,0.000632868538447551,1129.01047923038
1.17934835501536,1.00431087085575,0.148409104037929,0.0496914403117553,0.000580454975093238,1255.11394709329
1.0702052006222,0.863120233210964,0.124523250624562,0.0500885718628218,0.000617061452447137,1120.30751285545
1.06256221076316,0.806319708842567,0.11980117167318,0.0472892048463966,0.000697598552308555,1144.95230163261
1.19844746912032,0.865654177901752,0.159079757843287,0.0434086398408634,0.000389229661888531,1065.20177168428
1.16325686603354,0.919716676256553,0.131611323740071,0.0504295909772454,0.00045138107702933,1110.64525170893
1.1018613329484,1.03449862446595,0.132104856814584,0.0426259369243127,0.000668254213221702,1308.00876550457
1.16828950996043,0.90318213150424,0.147275353071096,0.0468059295268089,0.000643529018978656,1065.51908025562
1.12887649763767,1.03062281058069,0.150546086683044,0.0469434055155459,0.000610368128649929,1351.70437865935
1.12245639323061,0.95347745227767,0.143168167719733,0.0482860289505172,0.000619751959916251,1161.77224896081
1.1979474537908,0.908861187940164,0.15993512569996,0.0438635669529599,0.000541551397314058,1046.84170768603
1.09290817966963,0.899471625157786,0.157658294823985,0.0405840911901185,0.000516515635562832,1093.28407944193
1.05157117144637,0.835409945760447,0.148618903360519,0.0437620873266358,0.000453373591741763,1116.5448841854
1.05359552032785,0.848684388455469,0.157421671084977,0.0425087372650647,0.000522367273042202,1108.27768578811
1.09649828504018,0.845952512390596,0.145239256810479,0.0418030525690318,0.000577793633916686,1114.358965524
1.14546788971783,0.968984427621117,0.172127955209453,0.0447145886935077,0.000637130582362936,1133.03489150297
1.18325091833349,0.886506340373401,0.162671206992723,0.0433550394521578,0.000529744399698212,1051.18300618458
1.00903596440608,0.893848453656476,0.153075669670734,0.0448398390454696,0.000627506165122184,1125.26485731385
1.13250943749104,0.922740023552489,0.1490005081176,0.0442105350656968,0.000405995533354098,1085.30953099351
1.03768825365825,0.846439500112369,0.179660884526923,0.0424711773255084,0.000451900719582079,1112.41308629721
1.16971724663661,0.940864309046401,0.14899446007073,0.0436152914100917,0.000547453906789242,1077.09520870739
1.01325255620972,0.85167437912519,0.142938679583478,0.0471001545099209,0.000573766042519614,1123.36186047519
1.15222512073875,0.919011426422558,0.157723478417052,0.043952283480617,0.000434193164099824,1069.13537531874
1.11443572814803,0.854457681646646,0.175991832756207,0.0425082062413525,0.000590655334835535,1089.64254302552
1.10482655045871,1.0984908290033,0.147754755391479,0.0439385842465297,0.000590763791215792,1551.38291892891
1.06684409217918,0.882437309536362,0.138465987889738,0.0450587559193635,0.000475164274345662,1100.83598739666
1.18822346011555,0.920303497911697,0.15077976205602,0.0452607594668358,0.000529174806448883,1058.33863485659
0.966471856971792,1.09319818009649,0.190360557212012,0.0454546783480601,0.000515439041339001,1938.21468370532
1.13574090483755,1.02636261161272,0.144607376525008,0.0448775567382444,0.000557108048161029,1285.28762742512
1.11228660457403,1.05926940746077,0.170930742541009,0.0412429337989421,0.000678877031799825,1367.19072663482
0.983899312058409,0.810402166114925,0.166406670587818,0.0394873406089391,0.000472520698801695,1302.13821414675
1.18753618429792,0.978667449935792,0.180548742560968,0.0411576890996515,0.000700563403213457,1097.72351942353
1.09911451760575,1.00654225399119,0.167767644852494,0.0437940034453182,0.000615476996083193,1261.05277573776
1.05527850705645,0.866668989211589,0.18342999382696,0.0444666174604519,0.000335002117682856,1093.4509712949
1.12608383715877,0.962646366542713,0.155127214861188,0.0459725597680212,0.00051972823181816,1148.21912011948
1.11377976671346,0.873685756176641,0.15013302677652,0.0491387932995211,0.000683755496268726,1092.98271189532
1.19534600655712,0.881542717032005,0.142324399974589,0.0400436634914388,0.000739475847040928,1215.34689814683
1.15732139184225,0.884188665760876,0.160116492909372,0.0413989269711453,0.000488839396479829,1066.94312702413
1.19045027689059,1.12115632969242,0.141263961408629,0.0404383099728643,0.000595317479597231,1474.38519119245
1.14677643144602,1.01337860986249,0.154766817462555,0.0403406448550745,0.000441709194183974,1178.30784618489
1.11902308602661,0.993773222928288,0.132733920634047,0.0408272114843526,0.000519813694587816,1164.31684967012
1.14659153823717,0.825529785923909,0.141086854541211,0.0435258712657626,0.000458501555407892,1175.78005256708
1.07122484954748,0.911098726024029,0.158236467261756,0.0494807824277595,0.000557000514796648,1146.42749148386
1.19243239716144,1.0152314495058,0.174337767306824,0.0454819945620539,0.000530112247856695,1219.27970263656
1.18689726109708,1.0533039494595,0.132206634965684,0.0451363141682958,0.000658681968180061,1309.30158392797
1.17425304142588,1.03417042712107,0.149695974163705,0.0418309316553343,0.000602912574990871,1226.92398436523
1.18889285957296,0.879849063586719,0.165169093884241,0.0437272337920928,0.000497465156624059,1051.53180995436
1.11088319474037,0.825625034265214,0.189178431308795,0.042106395159563,0.00072188241381119,1287.31978562112
1.11272553899187,0.916153648233886,0.153988240218178,0.0446415383768364,0.000480335408407793,1091.93248184934
1.12809653961548,0.922513743409709,0.148426349570314,0.042365462841952,0.000591476446959621,1081.68133529527
1.1598284566876,0.949978399834522,0.136775501110498,0.0424034857869339,0.000624488981318424,1087.34045791053
1.1634452831593,0.845722627826773,0.166737558923728,0.0447848716009641,0.000691650026536119,1081.13070185622
1.11283312038257,0.902234619367822,0.161901027966273,0.0402917209273424,0.000602307273601359,1087.29395806775
1.15533816509545,0.856480634194933,0.176601915562728,0.0435920122951322,0.000465037179270726,1075.82253778256
1.11313081499903,0.937116263815884,0.155935980034802,0.0440408786005259,0.000559470629599631,1104.6389405031
1.11802783709643,1.00547034204535,0.168826833010717,0.0401687360270102,0.000471546142992333,1186.57693845544
1.01351924963029,0.890242171903817,0.172552209689087,0.0390242365124203,0.000506904025189128,1129.24278525697
1.15444481116675,0.963781246928985,0.159361522647836,0.0448419882277252,0.000531465747709212,1117.81966746073
1.11751992792944,0.855452411260343,0.142955428117743,0.0440667847224555,0.000402835341112036,1086.40671090578
1.16392704515814,0.99738502829926,0.154531915588679,0.0446087988433598,0.000471171045316143,1170.44859659066
1.14538878021542,0.888390831675791,0.183431999715358,0.0402820865330019,0.000738333681681866,1071.60700937476
1.11738614262268,0.820377164050792,0.174762926635646,0.0400347382404982,0.000521609467165493,1336.30611797686
1.12722777677058,0.897994275514778,0.148208075731325,0.0439361301391422,0.000531326259480724,1074.08250761205
1.19695422505024,0.934804737192277,0.14353412394181,0.0479154311223568,0.000680540721478344,1081.71071570502
1.13659642595348,0.929030583570009,0.149349414780014,0.0419688224332727,0.000550793287553512,1081.20155836613
1.04507437615428,0.927112218056648,0.124229125187785,0.049944535422115,0.000426296636317275,1199.28581206932
1.16971619313174,1.02155942451328,0.159268715846943,0.0481165384309359,0.000566086470782493,1304.11965566742
1.13115176359302,0.91369465551596,0.119794714581484,0.0418945960517344,0.000588710280978522,1080.5064368429
1.19499422671372,0.945418350826452,0.158352566867292,0.0396402171649053,0.00059156792337925,1067.57712624332
1.19858192752771,0.875163067754329,0.135851840566903,0.0405990366637725,0.000417035800754667,1131.82923875636
1.18363165661631,0.849808217936308,0.15992962523554,0.0426085344949882,0.000485694957035448,1236.77217799976
1.08421988865632,0.927359082227727,0.165331321091897,0.0435505237071636,0.000616841009669839,1106.46885022076
1.18060551408204,1.10542907234019,0.155544493883521,0.0477399092632494,0.000459457613878979,1610.70241657519
1.09846626200498,1.05187698834245,0.158587931790273,0.0429690112091008,0.000328942855810245,1384.17315237292
1.18458958210571,0.956374352923637,0.166750643745173,0.0498665181684028,0.000645161964232628,1142.95720865069
1.16914530181595,0.917286805149869,0.142431071739747,0.0411942877887278,0.000553177700408689,1065.41240508717
1.1503532851393,0.963249831501034,0.153322505606255,0.0498170487041819,0.000746541623848196,1190.44438086924
1.03802323026999,0.900462552066629,0.160393310232869,0.0420634035800469,0.000511076203630717,1114.80021037485
1.18408874514345,0.887299657804947,0.146400627115765,0.0406917010498903,0.000419935677294561,1065.48469089181
1.19244640074272,1.01252215927498,0.139711589876832,0.038831507068706,0.000648120294545157,1136.76121101909
1.04166629178593,0.801656569039613,0.158484099145544,0.0523950169431471,0.000536109902493305,1154.854140592
1.14531646812419,0.944959286190276,0.163020108516471,0.0440289591500705,0.000520789116406938,1094.51095617122
1.12362209392954,0.904549322591895,0.180073900375105,0.0391915313053487,0.000517886832222898,1087.15814123717
0.982646548970008,0.860323780981448,0.16314789175927,0.0451805602008182,0.000450804227250074,1129.4850655478
1.14540671836451,1.03218952422772,0.14944838090483,0.0427947763399912,0.000698500898633827,1259.42205786713
1.03801072162345,1.0729466957684,0.184779415820748,0.0413013376978774,0.000696813745323685,1504.28129447433
1.17360358801222,0.890162749576485,0.138550699866843,0.0440600096982084,0.000471866809066054,1055.1622176386
1.15416454670651,1.03470380766879,0.145797893115201,0.0417033494903566,0.000633401575545323,1243.011734113
1.17043027382067,0.86249048078108,0.155489796401072,0.0462782343348529,0.000620182722714133,1063.0860780341
1.08874071930935,0.933913031876976,0.147653960741213,0.0406606682411056,0.000455535306299051,1109.53099339348
0.938757533302327,0.934128014394154,0.170345064812446,0.045509621882417,0.000613281920089134,1241.50238011806
0.967253115981775,0.986374302134349,0.138620512883807,0.046059695510193,0.000563469929715206,1371.66588634651
1.07655921766274,0.8919732655752,0.132567954923705,0.0434613668917625,0.000590464546549859,1097.93173695254
1.09450168769437,1.00060633343868,0.168285905795582,0.0424404262189701,0.000575226001512082,1221.47308708205
1.08742816289002,1.01193831695197,0.149868720502981,0.0376006617379585,0.000469934067692729,1215.8503577964
1.14965234133902,0.836848973683085,0.160773687078146,0.0505394710196789,0.000484454586228001,1095.23378628636
1.11885189522883,1.003659872236,0.163733374554162,0.0462380805828515,0.000481714278753704,1268.90669182474
1.08797732254332,0.978712993829173,0.184139887883609,0.0496496501901496,0.000671183016844365,1299.78361558827
1.11003698152207,0.996791980836575,0.153382489980186,0.0453700435433765,0.000530225919537248,1239.3563431226
1.15217420708193,1.08677385361828,0.17195377435125,0.0460730934213304,0.000329163418936263,1528.77285368753
1.15910411235104,0.870697273530339,0.176150749309723,0.0445595381001086,0.000595848191401685,1062.39704321738
1.07427423346931,1.0340042862632,0.165196813763896,0.0490300513109663,0.000664928249330475,1458.15199492817
1.14837680583112,0.821112469310504,0.167113774162031,0.0464307439616806,0.000655106772311985,1253.46014603747
1.13467581752671,0.926094956246902,0.151822988921767,0.0468742215316139,0.000503050164489248,1098.85429522031
1.13724092707262,1.04433793086885,0.166388898043904,0.0402955351982642,0.000700313540347152,1276.07435251002
1.17939663159892,0.832540394266919,0.171726706346828,0.044871573842834,0.00064550682113894,1240.34305294985
1.13651234097742,0.958634355587969,0.152620604640474,0.0418675404951022,0.000458840977473315,1105.83694705219
1.07419329301678,0.870516443088807,0.181486884951265,0.042545647005802,0.000431033108915648,1090.93307664473
0.985311363813033,0.959573284109995,0.160041046367828,0.0450484037268505,0.000597801790344491,1250.99756797095
1.18465332546021,0.923879594925855,0.151771028946076,0.0411100567446521,0.000666402642193874,1056.85026318442
1.10556641782984,1.02920679514259,0.138100558922146,0.0447627572662195,0.000656252517365817,1326.91751992206
1.18972621664618,0.882542094020796,0.16717736570121,0.0489538898843925,0.000386245594715299,1061.95995021861
0.940101503041582,0.859007424488885,0.157636460790962,0.0468766340170241,0.000484287788390394,1155.26433616773
1.00623279965443,0.83525581685323,0.163178260425059,0.0464465969461413,0.000550051396137727,1123.33198918671
1.18538352148488,0.80235220177708,0.172600617030283,0.0418959448723786,0.000515147331133594,1455.77208993518
1.16727875556688,0.954573665991923,0.157698932446103,0.0458626237982638,0.000418674173574056,1106.13496967836
1.19868333346946,0.87926310716177,0.133027017198075,0.0462587780511125,0.000541073614849309,1051.31148603157
1.08276403582242,0.944264100967587,0.161689191808052,0.0409106265646807,0.000440657941202621,1121.61846249605
1.19626642009697,0.916740266875567,0.160553326074409,0.0470480347155336,0.000607688710840977,1056.98997157283
1.10968418453839,0.833913565707878,0.161076143573952,0.0434269842957939,0.000547006615146364,1111.8736091372
1.09507917173977,0.944296257059425,0.168709122338975,0.0459550022109517,0.00056292905204741,1139.85138374171
1.01521341537559,0.881341099913358,0.173427259607939,0.0473234533926398,0.000665833679891142,1126.78291612706
1.12008857469718,0.934645689074777,0.157777647048625,0.0435768133811444,0.000628182137595741,1096.46170385275
1.02329565819496,0.98909265152739,0.149751570722695,0.0440913045970406,0.000844134007001108,1291.2603188401
1.1876248151188,0.951750406653692,0.184130571005434,0.0441334352309336,0.000602113424377268,1077.11046471789
1.19318053196319,1.09379251690772,0.158558335847073,0.044855419960923,0.000448519281796151,1426.19022047571
1.00507850345578,0.869707911916084,0.170619824080205,0.0417713705236648,0.000543234602994317,1121.48390305093
1.07197954321586,0.974333912542035,0.143416860819125,0.0476214429669407,0.000485501671843848,1235.24997759149
1.13497676770932,0.904548406391395,0.156685391674554,0.0391992052101993,0.000480625846723853,1083.06388385694
1.1853870457713,1.06527548363062,0.182837448790217,0.0456132387752597,0.000541799822924488,1357.81660615936
0.900374936020402,0.821541485803344,0.139199845521868,0.0457871843620833,0.000530210838875099,1170.57863303451
1.04587196571506,0.975962093217345,0.165408283744504,0.0495859470458834,0.000446495853739918,1334.13159080174
1.11601082626874,0.957447068093929,0.175361563919253,0.0421972258405107,0.000630137614803956,1119.04950395235
1.17390755295797,0.887660924414037,0.136949853808637,0.0433716836234827,0.000618483911691554,1057.12083282998
1.09950047002023,0.832922644723488,0.174154885768784,0.0407172580465416,0.000508752580532992,1293.37367804171
1.16001043207747,0.814817424076292,0.177672667153644,0.0483960234809001,0.000586927203281162,1155.54899289017
1.06053015159957,0.936517855822396,0.158871048461908,0.043445286050656,0.000378919137426438,1132.91723729696
1.10461340719148,1.00449893961939,0.170154439136562,0.0438055924775348,0.000521586770437465,1238.92463183484
1.16867569174778,1.15005853074906,0.16740951426414,0.0462215392456678,0.000582570418537708,1818.27245215758
1.19388447455842,0.854763963495498,0.16218602766785,0.0483722018097546,0.000545385183455446,1063.79468779364
1.16833041742811,0.853441922568746,0.15482409579696,0.0428381784561622,0.000604573865554019,1130.25527806313
0.886385458734317,0.978305477603459,0.166815288629348,0.0406103189399323,0.000612428931654349,1348.29877971885
1.18587197647622,1.02941030235713,0.140507006100292,0.0399934344207233,0.000446074050870789,1176.69551234121
