par_id,rmse,nse,r,bias,mae,nmae
p0001,2.01483295779192,0.841171038611182,0.923836594936226,-0.455986419191919,1.19055995454545,0.147394875454698
p0002,3.09258654573402,0.625807285303973,0.860181648565793,1.70646570707071,2.3137446969697,0.404741157545592
p0003,3.02285483872498,0.642491651296788,0.913201057287356,1.88449691919192,2.50816156565657,0.390750652245286
p0004,3.16075855914463,0.609128280986845,0.919805556477352,2.29440303030303,2.72145595959596,0.452608478009188
p0005,1.86145074174401,0.864432776965134,0.929820986578863,0.000559176767676803,1.23542304545455,0.179119834033967
p0006,1.95622428774393,0.85027687028111,0.930606469486968,0.621013662121212,1.47787199444444,0.231993588212904
p0007,4.26898144875261,0.286982583011379,0.916118400233588,3.73575212121212,3.85071474747475,0.685813715644748
p0008,3.75206748244662,0.4492013274017,0.909991349764068,3.10314934343434,3.25462803030303,0.589093008752925
p0009,2.66889021195698,0.721315367345315,0.920186709056031,1.54465196969697,2.18983813131313,0.337370460045459
p0010,2.34805330570826,0.784291376420827,0.929843142842196,1.41165873737374,1.90612570707071,0.318850097546206
p0011,5.37668331932062,-0.131046653252468,0.814213191182434,4.44430838383838,4.49266898989899,0.821399983398283
p0012,3.03938668838523,0.638570566035343,0.855678551058428,1.54681080808081,2.28452676767677,0.396647541976947
p0013,4.22605758833863,0.301249027677893,0.747847812246538,2.44204671717172,3.13143196969697,0.544850522157753
p0014,3.64858950530963,0.479163259075887,0.848003404627281,2.46471247474747,2.78310095959596,0.504838686421848
p0015,3.5945769402383,0.49446972296581,0.81219508132773,2.02039878787879,2.65204181818182,0.464439830694103
p0016,4.12293191027485,0.334935251923972,0.862444592992767,3.21476681818182,3.35801429292929,0.612142926608509
p0017,4.0445403460505,0.359985302199514,0.893076212258478,3.33517121212121,3.47627393939394,0.633093901716929
p0018,3.06743774185327,0.631868384086102,0.88479870465,0.706070576262626,2.15211295909091,0.271480116631822
p0019,2.73265042603312,0.707840670045374,0.925604232710074,1.79511151515152,2.30391919191919,0.367117356073697
p0020,5.45727962396739,-0.165209502069516,0.854947146723442,4.74356696969697,4.78301141414141,0.860741818133037
p0021,2.96582834404549,0.65585328675704,0.875719389786301,-1.23495627828283,2.00341183383838,0.264836882238911
p0022,4.35634979442328,0.257498915950603,0.905345468645931,3.7744103030303,3.87654767676768,0.695195795272603
p0023,3.29841521079473,0.57434057639351,0.883449651819996,2.2945798989899,2.61794393939394,0.475247489269097
p0024,3.45594265265402,0.532711968211987,0.901961098026963,2.21488297979798,2.81461429292929,0.439094310665398
p0025,1.98108275558939,0.846447518674878,0.926895755040205,0.307302156565657,1.39012925757576,0.194026635574187
p0026,2.66371234041324,0.72239566166279,0.89741581635039,-1.22596952474747,1.76441336313131,0.235881482384471
p0027,2.33968967206264,0.785825323569357,0.91477133926095,1.14024045454545,1.72773085858586,0.295973512841202
p0028,3.62312348408389,0.486408443242952,0.891127753004523,2.79771611111111,2.98140328282828,0.541583746576319
p0029,3.12375027130479,0.618227873349702,0.924919318650148,2.44375909090909,2.71153252525253,0.481655704653248
p0030,4.67044929337671,0.146567993744484,0.790603963014429,3.41517671717172,3.60804742424242,0.655902699389275
p0031,4.16561323722164,0.321094240601932,0.748260334562541,2.34194429292929,3.06451974747475,0.533077053964176
p0032,1.89021823222309,0.860210194953882,0.927782009303595,0.0247067747474747,1.27924756868687,0.188619405678773
p0033,3.5885376256518,0.496166997320342,0.854648044615012,0.497643448989899,2.5013768540404,0.304756534777966
p0034,3.03589402704133,0.639400750172576,0.883702762323224,1.90171712121212,2.33685702020202,0.424631276882196
p0035,2.82017652294235,0.688825364649465,0.884662228188399,-0.493040428787879,1.90530931767677,0.232264903886101
p0036,2.66358352667639,0.722422510198203,0.903355363299213,1.54570343434343,2.03503454545455,0.36134311432679
p0037,3.34751515738846,0.561573589576932,0.898186582064238,1.93759676767677,2.63287585858586,0.395757074440942
p0038,3.1338498119741,0.615755232554525,0.906737916305011,1.89369929292929,2.54964858585859,0.393585303123513
p0039,4.59819922278749,0.172768295453644,0.873312064453399,3.86211207070707,3.95735398989899,0.717368356097217
p0040,2.88466980331766,0.674430419280452,0.921345524765712,2.10677419191919,2.40742873737374,0.426375354027671
p0041,2.74904678199553,0.704324142817134,0.912482228529058,1.46276505050505,2.19551909090909,0.33464407812953
p0042,4.34372294158717,0.261796947567041,0.890262965996261,3.66682919191919,3.7778201010101,0.680619334923521
p0043,5.34823371207644,-0.119108921390207,0.744055316874631,4.0074247979798,4.14183681818182,0.768422346323741
p0044,3.15384721213968,0.6108357803259,0.91907482180762,2.43825515151515,2.68272707070707,0.474577273987428
p0045,2.21778128683214,0.807562798399841,0.912595860994541,-0.387525511616162,1.35438086515152,0.161334679200608
p0046,2.95397338560089,0.658599022901305,0.926802906849858,2.23671808080808,2.55288070707071,0.445558597569313
p0047,3.78983310278735,0.438057637208886,0.824796523049046,2.46297651515152,2.84827813131313,0.52035566124513
p0048,3.78997794991067,0.438014681602145,0.849851277068933,2.68417782828283,2.95572196969697,0.542005223937532
p0049,3.3016895727552,0.573495046200824,0.886073558401384,2.32413080808081,2.61781575757576,0.475409124469449
p0050,2.21283392680955,0.80842040705095,0.913569258316767,0.293007525252525,1.54481762626263,0.222183037815181
p0051,1.94354831450595,0.852210940336462,0.930878200488286,0.594054946464646,1.44174353838384,0.228682494423386
p0052,2.46715360803629,0.761853620404924,0.929200906786283,1.54495595959596,2.06552323232323,0.340978318864234
p0053,3.68301401267776,0.469288686447898,0.846307052396546,0.282995766161616,2.58682473888889,0.315053891924447
p0054,5.44326894817746,-0.159234211332022,0.86886425560626,4.80038217171717,4.84584075757576,0.874312633328918
p0055,2.00668385746859,0.84245322498404,0.92555544284961,0.589603557070707,1.49959371565657,0.24398616875816
p0056,2.26229999393975,0.799759467202806,0.923526015261814,1.16208636363636,1.74898484848485,0.30110888334471
p0057,4.07002367609747,0.351894846697345,0.842993457001808,2.99801595959596,3.19823808080808,0.583262335583471
p0058,2.2846885685145,0.795776544213998,0.913605208219294,0.409538123737374,1.60064207828283,0.215116457897036
p0059,2.49525487118019,0.756397675759059,0.900785066147815,-0.208576884343434,1.61756072272727,0.1899065240609
p0060,2.33638667748779,0.786429607516623,0.913104868871671,1.09386257575758,1.73676015151515,0.296144142006037
p0061,5.6222203254252,-0.236708441616613,0.816960346367283,4.73878565656566,4.77422,0.862695129718243
p0062,3.23689123153121,0.590071780908119,0.908765579048404,2.04246353535354,2.63878171717172,0.404316567068115
p0063,2.10867786748504,0.826030913526233,0.914273068889288,0.47535675050505,1.50048951212121,0.236543111721053
p0064,2.23099085670063,0.805263578855613,0.929410978882508,1.22192580808081,1.75503348484848,0.296951363618443
p0065,4.63380666098303,0.159906890719129,0.805458974075626,3.46814318181818,3.61057873737374,0.660868253396353
p0066,3.87831137180445,0.411512895258548,0.776365465038938,2.13303237373737,2.85034025252525,0.493271463234026
p0067,2.91242881738833,0.668134395942469,0.854031101613779,1.25101347474747,2.12441248484848,0.358443596649811
p0068,4.27657686683999,0.284443109248858,0.918931459890321,3.75641580808081,3.87298883838384,0.682738538839209
p0069,3.71941981742673,0.458744895829744,0.852945843704312,2.60869272727273,2.88805050505051,0.525839930157847
p0070,2.44265077896261,0.766560488453828,0.930588574583999,1.56427045454545,2.01397732323232,0.335943176465859
p0071,4.26681459184055,0.287706228512484,0.890020707383751,3.57363848484848,3.67529707070707,0.660571882673154
p0072,3.56064396429192,0.503969132235546,0.873426450718366,1.32962589090909,2.58462875555556,0.34484158225612
p0073,5.06844560599034,-0.00508127864205132,0.801123963721385,3.9970105050505,4.08486939393939,0.749430933040435
p0074,2.01513463921507,0.841123472053227,0.930185708587307,0.777322019191919,1.54809171818182,0.248698952624843
p0075,2.61237247869991,0.732993518945283,0.919452107898709,1.40894252525253,2.09703090909091,0.317914421229236
p0076,2.70354692844846,0.714030689342065,0.903674065587414,0.827727830808081,1.95261620959596,0.258716018904153
p0077,2.07148524490228,0.832113686883849,0.920140800976503,0.033234407070707,1.34842448181818,0.178460012412173
p0078,3.34818961266285,0.561396904017843,0.925975691112958,2.72062161616162,2.95067585858586,0.518588294076833
p0079,2.46899464744951,0.761498068602467,0.926214784098531,1.42995954545455,2.04746772727273,0.325489276237197
p0080,3.72292985050902,0.457722844084702,0.900789658028036,3.00420267676768,3.16997641414141,0.586464799562029
p0081,3.97033324451233,0.383255161071338,0.787279071149067,2.39063409090909,2.92724146464646,0.519479243076263
p0082,3.31027200906405,0.571274844075146,0.88985079493275,1.59676429292929,2.51066631313131,0.360617771869562
p0083,3.04438689699964,0.637380385700073,0.880943080016973,0.685051942929293,2.1509169459596,0.279469682926107
p0084,4.22966254778718,0.300056406305913,0.815346387814996,3.01180707070707,3.25250444444444,0.593571209611789
p0085,2.74279885639918,0.705666616480299,0.912078433092448,1.38077929292929,2.15654171717172,0.31791399338913
p0086,4.00538121429008,0.372318517302044,0.839743071009539,2.8952995959596,3.14141898989899,0.572621078282747
p0087,5.31526742605675,-0.105355161273519,0.848345031453286,4.56175641414141,4.614615,0.839903000391998
p0088,2.81594665053079,0.689758101954636,0.899139489060525,0.923507887878788,2.06148837474747,0.277777712634436
p0089,5.49608581593632,-0.18183980685315,0.818280285676001,4.61229813131313,4.65221025252525,0.856660715425152
p0090,5.13537549180882,-0.0318011598592955,0.880142820375282,4.51563717171717,4.58108161616162,0.824244783287341
p0091,3.64549375453387,0.480046721963114,0.924217190249823,3.05817898989899,3.23905424242424,0.569331389387497
p0092,4.19502977597985,0.311471852829552,0.875467991145199,3.39359454545455,3.51343252525253,0.638469996576239
p0093,4.19921176134512,0.310098394227615,0.867382967253316,3.34108378787879,3.4614948989899,0.628525657756841
p0094,2.62414041528042,0.730582536212818,0.899398994356702,-1.21611926616162,1.71513017525253,0.23021733502949
p0095,4.90316547785204,0.0594005842787861,0.883845453136029,4.26256858585859,4.32634232323232,0.771256496973505
p0096,3.74867316335993,0.45019743996768,0.845165160286465,2.57483242424242,2.86537858585859,0.517231778780381
p0097,2.64891077792121,0.725472241392803,0.894083599439782,-0.921046152525253,1.75054039494949,0.22265196229045
p0098,2.4204214292229,0.770789988951251,0.898159316446572,0.939033585858586,1.7604345959596,0.294817075509926
p0099,3.29425710628643,0.575413104035758,0.857369650232086,-0.828351207070707,2.32675888383838,0.293955811228324
p0100,3.58442224138174,0.497321939912699,0.921182713583794,2.8583947979798,3.14981015151515,0.5316105364175
p0101,2.77965218804841,0.697703918683107,0.902410499596855,0.920051516161616,2.02828929191919,0.26982571031493
p0102,5.92479234836329,-0.373402618704769,0.786669521830735,4.92573161616162,4.95682252525252,0.895493877398975
p0103,4.1549818506932,0.324555195181354,0.766098998860034,2.49456757575758,3.04601393939394,0.540349760131333
p0104,3.84971172449839,0.420160198564934,0.887470541642125,3.06087560606061,3.22098772727273,0.595813852045374
p0105,3.46569578236361,0.530070748603147,0.88734870466611,1.68537696969697,2.59241282828283,0.365428118142298
p0106,2.10391606535085,0.826815738016666,0.930280507297268,0.934069949494949,1.65748025252525,0.260606465370822
p0107,1.99815897083756,0.843788976551133,0.929396610068363,0.532003015151515,1.46605496464646,0.212716995088367
p0108,3.07465347810402,0.630134386389964,0.924326005650408,2.39161368686869,2.62759247474747,0.475346315077266
p0109,2.8175348053317,0.68940805902954,0.921587445372162,2.01561297979798,2.32443085858586,0.4073773361142
p0110,2.70802445052634,0.713082679752123,0.928308505850941,1.88758787878788,2.29308,0.384520994235683
p0111,3.40729867531777,0.54577397637786,0.849135257394681,2.11013353535354,2.58623232323232,0.464827932700881
p0112,2.606641392232,0.734163764541574,0.904183285365033,0.635644314646465,1.84673689747475,0.240610731258702
p0113,2.88302527709742,0.674801522479612,0.88766665706092,0.244960833838384,1.98468552979798,0.248233968418735
p0114,1.89718765611144,0.859177456535882,0.930610598436932,-0.397083217171717,1.15553382323232,0.151577906390997
p0115,5.31851602925728,-0.106706723617919,0.843950917093772,4.53122494949495,4.58240898989899,0.829370758237208
p0116,3.86708348860761,0.414915355448667,0.825857479566543,2.59379742424242,2.96798227272727,0.540948816733677
p0117,1.90298391091811,0.858315664895968,0.932561449813834,0.48898913030303,1.3626243040404,0.20648428040482
p0118,3.59400290846504,0.494631170210019,0.79224888713218,1.79151374242424,2.62835322727273,0.446397755689515
p0119,2.45636186655235,0.763932447860349,0.918666288709883,1.42794121212121,1.91282757575758,0.335742585111185
p0120,3.4421555821623,0.536432910844635,0.926927942113449,2.84937661616162,3.04205237373737,0.536196268395679
p0121,3.7991047627065,0.435304739375265,0.922791631632878,3.2383051010101,3.3819848989899,0.595259458085462
p0122,4.26307278417988,0.288954980982571,0.848082626368051,3.29598742424242,3.4452546969697,0.636294124816553
p0123,4.32765625827735,0.267247819961114,0.833628398451967,3.28580601010101,3.45456186868687,0.63972404397879
p0124,4.03049690795594,0.364422099441452,0.908569281311961,3.41704848484848,3.5551201010101,0.635876536279475
p0125,4.08790953018987,0.346186091339216,0.875778658194881,3.26524651515152,3.3960247979798,0.618909800998326
p0126,2.76522501957962,0.700833776722124,0.910904234727937,1.43296313131313,2.19245191919192,0.329631753487199
p0127,2.26505236023334,0.799271936321397,0.913253261011843,0.221271834343434,1.53257604444444,0.197358914069107
p0128,3.64895803441354,0.479058038584049,0.837647683580213,2.37374888888889,2.77052161616162,0.500786396649561
p0129,3.68294455245275,0.469308704280855,0.920690388101097,3.02122338383838,3.25839409090909,0.563068061996813
p0130,4.36493105441575,0.254570835965752,0.877900518734557,3.61824095959596,3.71322782828283,0.681326963549314
p0131,3.18192556118194,0.603875563561234,0.883633755771082,2.12621141414141,2.47327545454545,0.449607051331312
p0132,1.97557028487385,0.847300866070535,0.92989911705007,0.628792731313131,1.47655908686869,0.229062195916913
p0133,3.78052924771203,0.44081333258518,0.833191310159673,2.52795191919192,2.87408393939394,0.525364411263234
p0134,4.49131118139247,0.210780338617206,0.761846193842519,2.94942090909091,3.33237383838384,0.594957297725344
p0135,3.05335938239054,0.635239794610778,0.897153812886534,1.35114888888889,2.33267262626263,0.335525648083252
p0136,4.89429470582015,0.0628009570449962,0.798881331872307,3.76224217171717,3.86766803030303,0.711917582060543
p0137,2.55033072667551,0.745525300500465,0.896781862656356,1.21999257575758,1.90049267676768,0.325995542163505
p0138,3.73609387314226,0.453881155012596,0.847854328270953,0.393707512626263,2.59725561868687,0.311628038092381
p0139,3.67866530719892,0.470541217479522,0.88766541930417,2.84384055555556,3.0208955050505,0.556137289504774
p0140,3.56466235788301,0.502848901160673,0.921985458859472,2.95485217171717,3.13617671717172,0.549320868914911
p0141,2.77603758211341,0.698489607456398,0.896548279617346,1.63977863636364,2.1383353030303,0.384902759032807
p0142,3.15618869237279,0.610257718980042,0.863976759882697,-0.769962303030303,2.20191422222222,0.279777054525165
p0143,2.3917359656099,0.776190729328275,0.911508460416301,1.17632444444444,1.79611797979798,0.310606121947756
p0144,4.80466100657613,0.0968141889505869,0.807035157771735,3.71150212121212,3.82840222222222,0.704246158868251
p0145,3.48614234244673,0.524509510272834,0.924587622357067,2.81747606060606,3.0758103030303,0.526947270000139
p0146,4.2651433966373,0.288264091428008,0.753464467077535,2.56540595959596,3.17249777777778,0.559723352826809
p0147,4.62547407118995,0.162925513585339,0.889220334744185,3.98189121212121,4.07814636363636,0.731183850494415
p0148,3.16172001929202,0.60889044900358,0.924647761457444,2.49243181818182,2.73416797979798,0.484481080628153
p0149,1.87098529596516,0.863040439945636,0.929182696710792,0.0316789848484848,1.26330737878788,0.183765560292225
p0150,4.88354970990137,0.0669115169416731,0.842927471276585,4.01034964646465,4.08712085858586,0.737842774231671
p0151,4.84008334462874,0.0834476321762988,0.870400563914471,4.13366419191919,4.19814904040404,0.773285810216278
p0152,4.37038584079058,0.252706569381422,0.726042970190679,2.47203914141414,3.19282409090909,0.553726881045744
p0153,3.19473254885936,0.600680410057427,0.92993042300727,2.57963363636364,2.80011696969697,0.492127960956257
p0154,5.5134305409583,-0.189310953543976,0.85797287869272,4.82569585858586,4.86844636363636,0.883291665561555
p0155,1.84638785769633,0.866617923458817,0.931481803328447,0.0533590196969696,1.22233057626263,0.172201189622588
p0156,2.81854951346728,0.689184305328462,0.923392975199687,1.82756212121212,2.36897555555556,0.373705660833102
p0157,2.47827506159755,0.759701745115676,0.919104608219898,1.19477318181818,1.98447914141414,0.299063492150122
p0158,2.8289789202339,0.686879842879515,0.872891770205714,1.38509126262626,2.09498702020202,0.359407329160605
p0159,2.91310586631582,0.667980081188694,0.924103542745687,2.1743301010101,2.47018838383838,0.435050896209246
p0160,3.47595494750839,0.527284458177503,0.927228988476813,2.88544358585859,3.08455934343434,0.542699707797922
p0161,2.00109589201311,0.843329436915436,0.926467226657714,0.369250851515151,1.42532278484848,0.200219721385489
p0162,5.37010234390078,-0.128279581254381,0.818845886960977,4.45538217171717,4.51260146464646,0.818691375673957
p0163,2.95698313240783,0.657902974676038,0.905332336006074,2.03308207070707,2.38063388888889,0.433078093691741
p0164,3.22592914961353,0.592843611812045,0.900260273715892,2.35754792929293,2.62382025252525,0.475646559339835
p0165,3.07224165223313,0.630714420263446,0.927340182971062,2.40867267676768,2.65690621212121,0.469170773832484
p0166,3.95157976986509,0.389067667129315,0.753675600077069,2.04609358585859,2.92643671717172,0.503158616660995
p0167,2.12304624600092,0.823652010657356,0.929507782751088,1.01523434343434,1.62612242424242,0.272328379783799
p0168,3.14699710776348,0.612524461033207,0.914605657879603,2.09583944444444,2.61849419191919,0.413940321216505
p0169,2.91214488753148,0.668199099299243,0.893608980992244,1.8251004040404,2.2493398989899,0.401834353070654
p0170,2.61205658929426,0.733058088159513,0.897174408282907,0.112522934848485,1.75268282272727,0.211560862222474
p0171,4.13114110233199,0.332284187230235,0.811042305834139,2.84894601010101,3.1546945959596,0.578096567341406
p0172,2.6270466093607,0.729985454591345,0.923565957789476,1.65047353535354,2.2243204040404,0.360682807572726
p0173,3.81813811286828,0.429632368163102,0.919226000358917,3.13437696969697,3.38499505050505,0.582112718241884
p0174,3.64542971089982,0.48006499076685,0.87119741639166,2.66214191919192,2.91311717171717,0.53033685318606
p0175,4.35037467703796,0.259534330367975,0.87176977572661,3.56404146464646,3.6703753030303,0.674133178185704
p0176,3.37576125995951,0.55414355042386,0.915364958584061,2.69039116161616,2.90317388888889,0.529916414798139
p0177,4.55283211647764,0.189011163840386,0.840233115024305,3.60432515151515,3.70755797979798,0.680827846574281
p0178,3.41244797292371,0.544400036156977,0.912837526019705,2.70753121212121,2.91529333333333,0.520194739392818
p0179,4.97383985353125,0.0320895044044336,0.79757458351631,3.85771555555556,3.96563787878788,0.72502530849477
p0180,3.16664340695046,0.607671439621756,0.923197074628319,2.49730217171717,2.7281354040404,0.492901714153719
p0181,2.97915337095725,0.652753939619128,0.876850283018393,-0.950408005555556,2.02990649040404,0.259697516093865
p0182,2.97569580094906,0.653559491195283,0.925515607076329,2.1255098989899,2.57011676767677,0.421022343905313
p0183,3.67098692269325,0.472749162471722,0.922075541026318,3.03483762626263,3.26315277777778,0.568905519476588
p0184,3.69719155475457,0.465194939371869,0.92536602422233,3.11639409090909,3.29863146464646,0.574376620834399
p0185,1.98127257513999,0.846418091676634,0.930035894932527,0.681814675757576,1.50429391010101,0.240799943006124
p0186,2.57995974500935,0.739578124087629,0.929190130599083,1.77321444444444,2.15333424242424,0.376037873473968
p0187,4.49051310354508,0.211060792472243,0.917047833041781,3.98452247474747,4.09060126262626,0.728174586697045
p0188,3.51473970891634,0.516676469175539,0.885611031548141,2.61107924242424,2.8548951010101,0.517916234398187
p0189,2.65415356377933,0.724384462520917,0.894353985662088,-0.0254280803030303,1.76898090858586,0.210390155965388
p0190,2.09531769814956,0.828228398000903,0.929109900172273,0.943675707070707,1.59920247474747,0.267355179009863
p0191,3.59298796715817,0.494916560784106,0.911238920259657,2.92320555555556,3.08344898989899,0.559200976148099
p0192,2.17525438241465,0.814872171053483,0.930178786027976,1.05198616161616,1.73089909090909,0.269284676302015
p0193,1.95425382555537,0.850578344076523,0.927381057586466,0.487040449494949,1.44488086363636,0.230373750709137
p0194,3.14943471522329,0.61192396536484,0.862469412250019,-1.01413989848485,2.17938161565657,0.280027304987723
p0195,4.44087707703607,0.228405527670706,0.874028890024549,3.68214196969697,3.77265005050505,0.685385188699308
p0196,4.32419828733196,0.268418348893811,0.847347844829068,3.37464883838384,3.51594742424242,0.652133027882353
p0197,2.9204688885537,0.666299565840831,0.927404747675587,2.10713696969697,2.49867818181818,0.410710687596393
p0198,3.75487123201316,0.448377846193026,0.902382410836444,3.04138333333333,3.22346727272727,0.577643277148018
p0199,1.9419049703906,0.852460757233225,0.928377897076872,0.47857522979798,1.40007052777778,0.222273112773249
p0200,3.48804606122385,0.523990055103569,0.927007961556455,2.89779095959596,3.09619409090909,0.539126573257804
p0201,3.71675477883135,0.459520258136545,0.922478051896248,3.07990505050505,3.30468353535354,0.570334594157214
p0202,2.52176261670065,0.751194481852704,0.920220683796929,1.37341843434343,2.09589833333333,0.339720320877696
p0203,2.71730797854971,0.711112113638519,0.929688600604752,1.96512934343434,2.31430631313131,0.403979139998841
p0204,4.21154028769592,0.306041463414637,0.90568312588652,3.60430641414141,3.71352409090909,0.660928810874638
p0205,5.80170765719783,-0.316931804192423,0.823556686388917,4.97930292929293,5.01747262626263,0.907373926442013
p0206,2.13751319386465,0.821240466889734,0.927379230636068,0.994385555555556,1.64977848484848,0.275207367753566
p0207,4.22166596199841,0.302700526467326,0.896734701617189,3.56627186868687,3.66704661616162,0.661262083767081
p0208,4.54318728382566,0.192443562138903,0.917250514780193,4.03834585858586,4.14780797979798,0.73552768976289
p0209,3.72132120620968,0.458191368944084,0.897385524168839,2.97271646464646,3.12901494949495,0.566995204601462
p0210,5.16651170879611,-0.0443508857166868,0.791866968526442,4.06508404040404,4.14368,0.762145950062824
p0211,2.84446360989984,0.68344267480411,0.91128990464042,1.93839555555556,2.28301494949495,0.4110845685551
p0212,3.47141550750955,0.528518342200992,0.825470812748503,1.96029656565657,2.59144656565657,0.453435412296703
p0213,2.18056368099831,0.813967358776132,0.926639226094378,1.06580282828283,1.68358515151515,0.282343911635009
p0214,3.7608431955091,0.446621787538196,0.922036847098625,3.12277671717172,3.35074085858586,0.582523896114133
p0215,3.8815079593977,0.410542408033691,0.796828873177416,2.34225075757576,2.87262227272727,0.50889559815853
p0216,3.31459174493236,0.570155185148086,0.925591767640204,2.6834603030303,2.89093505050505,0.504469167865778
p0217,2.86416685086341,0.679041980484988,0.899703808584154,1.82579318181818,2.23842702020202,0.402739945690397
p0218,2.4045722283304,0.773781948520196,0.904111673820112,1.04647199494949,1.76379558080808,0.299963782671182
p0219,2.31086389155876,0.791070224986406,0.929153015232634,1.35229964646465,1.87845964646465,0.319336630231136
p0220,3.31005204252673,0.571331819486519,0.905996179959693,2.52104863636364,2.74683833333333,0.493306030250767
p0221,3.29741961328503,0.574597500690237,0.86081134350296,2.06082050505051,2.53431272727273,0.454578643859815
p0222,3.16991523241394,0.606860300795919,0.92266989582802,2.37435863636364,2.73961237373737,0.458519753381462
p0223,4.39508325473345,0.244236670077015,0.787663354458173,3.03335383838384,3.34087525252525,0.60646409612743
p0224,3.15780595599927,0.609858200721497,0.891507234270434,1.41938580808081,2.3803155050505,0.340910304461901
p0225,2.39929983876499,0.774772895751124,0.905436457387116,-0.592508096464647,1.49922809646465,0.179644053259395
p0226,2.71945225723356,0.710656000048254,0.928967602958849,1.92557853535354,2.30530116161616,0.391345024998078
p0227,2.73367234588854,0.707622113552565,0.9292677166222,1.95434924242424,2.33645691919192,0.398692349952255
p0228,4.67456276922119,0.145064019423499,0.782345625657372,3.37881631313131,3.60131732323232,0.662491757998139
p0229,2.50521745377885,0.754448573761366,0.910327841864317,1.37157277777778,1.91715257575758,0.340462025098789
p0230,2.20286777436421,0.810142191800489,0.926330910403067,0.925421868686869,1.74063186868687,0.260333465890316
p0231,3.36117493588495,0.557988227746837,0.890839366330195,1.69173944444444,2.55624217171717,0.369153314684214
p0232,3.75778358539615,0.447521815948313,0.871479228562739,2.81756797979798,3.0207001010101,0.556061725505277
p0233,1.8515462802505,0.865871598973679,0.930790241951623,0.00427121717171713,1.22355292424242,0.171775563506597
p0234,3.20456052922813,0.598219771163034,0.903820429698891,2.36339808080808,2.64024080808081,0.481817457195739
p0235,2.22519428652099,0.806274194293537,0.929689279890634,1.21418878787879,1.75692888888889,0.29516133783481
p0236,4.02825633855858,0.365128543637696,0.782299259897281,2.45830363636364,3.01269434343434,0.541557641951183
p0237,3.20975356057112,0.596916536059379,0.916169427444368,2.2180352020202,2.69212217171717,0.428103947478953
p0238,3.92136913332267,0.398373364232219,0.922106883309668,3.35020707070707,3.53649707070707,0.620861462610868
p0239,3.6535604321205,0.477743091089263,0.849137654535836,2.47870732323232,2.81923015151515,0.515146509938059
p0240,2.24361053518541,0.803054281120826,0.909780077616427,0.764560151515152,1.62562449494949,0.266558447354659
p0241,5.3955960785214,-0.139017677048853,0.80577673341987,4.41104656565657,4.46061878787879,0.811234842280234
p0242,3.11574592652831,0.620181883947816,0.894165662475231,2.14104257575758,2.48160762626263,0.450930010795071
p0243,5.02364702014031,0.0126074710431002,0.862572415514065,4.28880813131313,4.34975904040404,0.781762877904755
p0244,3.72691448039105,0.456561430800905,0.925038695999918,3.12376106060606,3.32985904040404,0.577461702923417
p0245,3.15162140997201,0.61138488549667,0.922664635675129,2.34042282828283,2.72072121212121,0.452540519148239
p0246,2.11189239281367,0.825500102922454,0.929326732864154,0.987429191919192,1.61123666666667,0.269138997420119
p0247,5.26648005803994,-0.0851567883432487,0.887792431904304,4.69864439393939,4.75412419191919,0.854659007033334
p0248,2.61186586385068,0.733097069516962,0.927716947639606,1.79817449494949,2.16812803030303,0.378295162939683
p0249,2.81734920897125,0.689448976242089,0.92669153717925,1.98906595959596,2.40931737373737,0.400285006627806
p0250,4.67372325686833,0.14537107054376,0.765426124597146,3.25634090909091,3.55266939393939,0.648618438102739
p0251,2.8787799729615,0.675758538013743,0.931036239674371,2.15015378787879,2.4728853030303,0.415768792403979
p0252,3.81953014472852,0.429216398585033,0.912967888166818,3.2104446969697,3.36808257575758,0.61543056809009
p0253,2.58726154478362,0.738101946578484,0.882203755436627,1.00703890909091,1.88046260606061,0.314009219230765
p0254,4.23547855737755,0.298130163990224,0.88677976188747,3.52053742424242,3.62428085858586,0.661031230751231
p0255,2.6934196346607,0.716169117870841,0.932005572548322,1.90230888888889,2.2810201010101,0.376526162706862
p0256,3.14957868901557,0.611888483406623,0.905598686192615,1.8286696969697,2.51906353535354,0.380567132500783
p0257,2.88671038860671,0.673969647323659,0.927258942055362,2.15519722222222,2.47207106060606,0.432586714906991
p0258,3.51002644277041,0.517971873787597,0.924212769911492,2.90933898989899,3.1152,0.554356446216252
p0259,2.70214551276753,0.714327083684004,0.921165821260533,1.74946161616162,2.26521303030303,0.381442969822605
p0260,3.82094084084052,0.428794697028812,0.818806930633043,2.46006974747475,2.886925,0.521544242861281
p0261,4.82684875824337,0.0884531688171645,0.833628777634897,3.89540747474747,3.98947292929293,0.726531922364108
p0262,2.58376243778293,0.73880986852888,0.928954118152422,1.76333722222222,2.1697651010101,0.375583213636872
p0263,2.54354369254176,0.746877933164662,0.904572005295041,-1.18894100909091,1.63986545353535,0.222068345713553
p0264,3.20476522059091,0.598168442084741,0.916242760467447,2.47870585858586,2.71699444444444,0.486904755136485
p0265,2.56668068716641,0.74225200889507,0.89794692908614,0.0617319888888888,1.72352892020202,0.209450862109981
p0266,2.70129745753686,0.714506369657118,0.873692677633112,1.11678243434343,1.96991665656566,0.327158488635815
p0267,3.77169103296311,0.443424837226652,0.923128305794421,3.21111843434343,3.37692146464646,0.603176903914396
p0268,2.0186594352566,0.840567184530238,0.931644402427915,0.83415601010101,1.53497116161616,0.250750689054538
p0269,3.25340364878589,0.585878763293863,0.861268471072638,1.99203424242424,2.46867818181818,0.439350009151803
p0270,4.15896553442601,0.323259378019607,0.80705181320011,2.84748313131313,3.14328676767677,0.571965809426902
p0271,2.43075248922442,0.768829143648933,0.93088052451812,1.53643606060606,2.01004050505051,0.332400546523343
p0272,4.70878047680108,0.132501981004237,0.875046318847196,4.00142878787879,4.09794060606061,0.742295487826865
p0273,3.67432171434663,0.471790798766074,0.857201966101968,2.57391858585859,2.83070949494949,0.512863317607959
p0274,2.89469832074628,0.672162807547871,0.928003517995855,2.10400898989899,2.48785313131313,0.41400018285018
p0275,3.81026163625348,0.431983175484398,0.924713676044985,3.22915909090909,3.41168565656566,0.596652991661479
p0276,4.14843365579581,0.326682501212146,0.921463399311547,3.6274497979798,3.76985666666667,0.667891898854297
p0277,3.37445426891595,0.55448872742768,0.917091254221889,2.70359419191919,2.89848914141414,0.525226660689574
p0278,3.97518576200604,0.381746676112806,0.922154585928845,3.40699580808081,3.57918176767677,0.626582651498953
p0279,2.0897067175831,0.829147128986903,0.92371879378951,-0.725420517676768,1.21726546717172,0.15142527347853
p0280,2.29459503934702,0.794001667833052,0.929436606458522,1.31605303030303,1.86208787878788,0.312829612542104
p0281,4.31039046542178,0.273082992182913,0.844445290142751,3.32382318181818,3.45974994949495,0.629391603179831
p0282,4.45447221949044,0.22367403281285,0.906023156639069,3.88226232323232,3.98296181818182,0.708708338912781
p0283,2.16373008174975,0.816828555849031,0.917893314662821,0.805066631313131,1.55852710606061,0.256557656350611
p0284,4.1922724174982,0.31237668311081,0.885945167765738,3.45755348484848,3.56719388888889,0.642850653248722
p0285,5.54636146879313,-0.203560548850284,0.860747174344904,4.88088363636364,4.92404525252525,0.894743153374028
p0286,3.36191349199253,0.557793958560627,0.927764487157433,2.74703611111111,2.96687702020202,0.519023629119656
p0287,2.02644139450838,0.839335583886138,0.922761125761876,0.144642825757576,1.3741443459596,0.186086498012969
p0288,4.94261241081295,0.0442050883062524,0.85193638109494,4.13125439393939,4.18784631313131,0.755304426493564
p0289,3.13898029800033,0.614496093663935,0.87511556848835,0.0943228383838383,2.16318908080808,0.261819885669685
p0290,3.53774182683807,0.510329573105573,0.877030320015585,2.57102696969697,2.86151898989899,0.526921157651757
p0291,2.46273167243674,0.762706525738073,0.902530849752668,0.0521075848484848,1.64057584949495,0.201832045894616
p0292,2.3544322338618,0.783117758363655,0.930302422162565,1.4452252020202,1.91298106060606,0.328957978627172
p0293,3.15716967297315,0.61001540835139,0.913205399111472,2.38611808080808,2.63170868686869,0.467134581317412
p0294,3.49497797216769,0.522096194042397,0.923330457573348,2.8179601010101,3.06390939393939,0.52525479708914
p0295,2.79214103379865,0.694981412367887,0.921622065618314,1.98445787878788,2.31270727272727,0.412160625424423
p0296,3.40124718268494,0.547385989153273,0.891495632237104,1.77393358585859,2.60133207070707,0.378026752189622
p0297,2.52524190455433,0.750507451921149,0.906538587384601,1.34684585858586,1.90874939393939,0.334225168902677
p0298,4.56790022581039,0.18363416333504,0.906530663878455,4.01498237373737,4.10214904040404,0.736121567018058
p0299,3.34870080738573,0.561262963751534,0.842005083693836,1.9336304040404,2.5052401010101,0.442405360581206
p0300,1.85171438940814,0.865847241779508,0.930782180893405,0.11069105050505,1.25220298989899,0.184546463934221
p0301,3.20841940365793,0.597251555439858,0.920423460431464,2.32987934343434,2.74852570707071,0.448689937393775
p0302,4.22617708392728,0.301209511491708,0.726294779796519,2.23390732323232,3.09720570707071,0.528764044965766
p0303,4.83434695084323,0.0856189128159958,0.806413918253755,3.73978525252525,3.85410171717172,0.707438111610264
p0304,3.39614673848707,0.548742433696317,0.885687165251049,2.45154378787879,2.72022378787879,0.494580423183593
p0305,4.17708821980036,0.317348735948235,0.801673202065873,2.83600146464646,3.1542554040404,0.572653273578289
p0306,5.58580196774615,-0.220738587586565,0.840923520335096,4.82054747474747,4.86637111111111,0.881900478253578
p0307,3.16907162129463,0.607069525879464,0.925732564222511,2.46199414141414,2.76594818181818,0.477376144918306
p0308,4.44059007404455,0.228505256963849,0.905744488528957,3.86872161616162,3.96737616161616,0.705763528037408
p0309,3.12358744481772,0.618267672302066,0.834650064544893,1.40810482828283,2.28733183838384,0.386719994143975
p0310,5.29295439431276,-0.0960942701347862,0.789880808534653,4.21188080808081,4.27981111111111,0.785878986600724
p0311,3.80596917101282,0.43326225777864,0.885989089525875,2.99017398989899,3.14970287878788,0.575024989909297
p0312,3.76362422124559,0.445803073235662,0.886202581427263,2.9331745959596,3.10491914141414,0.56363985023024
p0313,2.51828748684678,0.751879745186325,0.929172149574827,1.67282237373737,2.08122247474747,0.354550580190832
p0314,3.41520692605244,0.543663036157342,0.830838239124061,1.92986742424242,2.5674055050505,0.455811445408018
p0315,3.82657949402874,0.427107570604386,0.924910048785582,3.26001929292929,3.42830090909091,0.597472574865075
p0316,2.58308474958828,0.7389468642936,0.918465275574085,1.63529757575758,2.05970373737374,0.362462415704888
p0317,3.05683428949119,0.634409083961238,0.924954639874151,2.35835691919192,2.6163647979798,0.457478549992953
p0318,3.73537697295086,0.454090718880687,0.924826818616173,3.16066338383838,3.34021378787879,0.585774124916803
p0319,4.19231618997654,0.312362323770155,0.913489390230542,3.63774070707071,3.74955535353535,0.670476862289282
p0320,3.52987859613965,0.512503905008406,0.878779691119329,1.58274454545455,2.61065727272727,0.366229127070456
p0321,2.76365357254019,0.701173705870326,0.895336817810378,1.60175070707071,2.09420333333333,0.369574058111247
p0322,4.97826838037854,0.0303651522027969,0.870798287526402,4.27689,4.33599,0.776149177848037
p0323,2.48397181615803,0.758595739125077,0.894876175203958,1.02766381313131,1.8108479040404,0.305233046915757
p0324,4.49034735265637,0.211119033015527,0.848097118015593,3.57927893939394,3.6880046969697,0.67760543947309
p0325,4.00779521234985,0.371561696213684,0.830567988111266,2.82716136363636,3.08550348484849,0.56446465528244
p0326,2.78918583184604,0.695626734003485,0.894915794052823,1.63814217171717,2.14804984848485,0.385243058675906
p0327,2.91208716726986,0.668212252109792,0.922417848318937,1.99107090909091,2.47526818181818,0.401579205918725
p0328,3.92193676059483,0.398199177925883,0.925928944526833,3.38197787878788,3.53994858585859,0.621662093314643
p0329,3.37745230643116,0.553696745829355,0.909283523468396,2.30286439393939,2.81858762626263,0.449161845913266
p0330,2.81875238648236,0.68913956005354,0.916099176337486,1.9571253030303,2.26814904040404,0.403563770814343
p0331,4.0642615527194,0.353728653390323,0.923539256389109,3.5143497979798,3.67243616161616,0.644101744913234
p0332,2.49405047542269,0.756632780238704,0.91066523826766,0.711857143939394,1.81919841161616,0.244113942282958
p0333,3.25894234321985,0.584467537598195,0.922834300115522,2.48834368686869,2.82614570707071,0.477862143148064
p0334,2.2388489104534,0.803889351612898,0.914721644980083,0.889709292929293,1.67177787878788,0.280663309347779
p0335,5.16724507941411,-0.0446473916208479,0.8710836067051,4.50534838383838,4.56110595959596,0.827056920882566
p0336,2.29320306387191,0.79425152251076,0.931117431325291,1.35230191919192,1.81600404040404,0.304644544246072
p0337,3.68951712511682,0.467412873704261,0.783464613906097,1.88149691919192,2.71377106060606,0.464427862890344
p0338,1.8550047918311,0.865370052909963,0.930290394611845,-0.0340794782828284,1.22422462979798,0.176396624033106
p0339,5.15629641340134,-0.0402251596601688,0.873414399589972,4.49907833333333,4.55446015151515,0.81711402385907
p0340,4.73827980422071,0.121598619680869,0.813460944171081,3.66741934343434,3.78613358585859,0.70189435706011
p0341,2.76665352767745,0.700524599887389,0.912683182281381,1.83937676767677,2.20265858585859,0.399827728979622
p0342,3.49856338501406,0.521115151318331,0.851977478476437,-0.447638171717172,2.5109506969697,0.311295214163607
p0343,3.82873523715856,0.426461899033602,0.806760657383491,2.36322348484848,2.87834681818182,0.51441873814957
p0344,2.61262053396237,0.732942809861649,0.890485050008723,1.23518813131313,1.93029257575758,0.329496345529473
p0345,2.52295267288541,0.750959596611019,0.900805505013993,0.19511285959596,1.69908360505051,0.212757551964047
p0346,4.32194845155013,0.269179419633039,0.914548459668331,3.7867603030303,3.89571393939394,0.697991856386589
p0347,3.31029430843144,0.571269067914192,0.840878225397718,1.85379189393939,2.45716376262626,0.429597658214519
p0348,3.8267329049817,0.427061634156218,0.92428908183991,3.22264065656566,3.41346742424242,0.5885353666827
p0349,4.21723451885465,0.304163655575304,0.889899129736681,3.5126444949495,3.61854247474747,0.649248125594664
p0350,2.48770708597315,0.757869170477437,0.902996539805459,1.20044409090909,1.83578176767677,0.315402948869919
p0351,4.85085579342866,0.0793631979369364,0.857481113331353,4.0569197979798,4.1226703030303,0.742699342544354
p0352,5.22746565189253,-0.0691385254420187,0.850941517802237,4.47247237373737,4.52762085858586,0.827359186784453
p0353,3.18452443150837,0.603228221917824,0.879926488517273,2.08843813131313,2.46619944444444,0.441132901061591
p0354,2.33945459309484,0.785868359560945,0.908317395657454,0.137960454545455,1.55940843434343,0.209653172276298
p0355,2.91029212131495,0.668621162050278,0.883174715679277,1.68709747474747,2.19450484848485,0.3892029067955
p0356,2.43061192323004,0.76885587925602,0.905170254031158,0.258038637373737,1.65629368585859,0.211837696566175
p0357,3.91221011203528,0.401180483809472,0.913867586946177,3.31607707070707,3.45918060606061,0.619679915729728
p0358,3.0386577740903,0.638743903301866,0.910641793266445,2.20672297979798,2.48303873737374,0.45059389031639
p0359,3.49646197532144,0.52169026225689,0.822213975976143,1.97104404040404,2.6072404040404,0.456426605730703
p0360,2.37440162832971,0.779423131738121,0.905148869740818,-0.43518584949495,1.48558372828283,0.175828828431586
p0361,3.18966940575178,0.601945123189555,0.872378082489038,2.01563722222222,2.44501257575758,0.439029475321536
p0362,5.16398846369253,-0.0433310448944562,0.85547836403407,4.41565070707071,4.46886888888889,0.810228235510147
p0363,2.22712756493718,0.805937424944763,0.929033693532377,1.12110202020202,1.80473454545455,0.286008438802746
p0364,4.34409435423762,0.261670701175253,0.920391490873705,3.83727676767677,3.95857727272727,0.70471765948588
p0365,2.26521029889806,0.799243942418741,0.917472096711322,0.664054329292929,1.69674334747475,0.244462916339532
p0366,3.27228285516396,0.581058602302121,0.841344138559156,1.79764141414141,2.45389383838384,0.431399608678344
p0367,4.38665272809877,0.247133257792309,0.911810251037806,3.84931388888889,3.95276641414141,0.709449478212036
p0368,2.46656810610298,0.761966640218457,0.929156061708938,1.60114575757576,2.02915838383838,0.348118560080088
p0369,3.77642664070364,0.442026325902443,0.848956853601171,2.65215363636364,2.92659868686869,0.53151264362476
p0370,3.08829827635256,0.626844298573022,0.926868107587646,2.41123823232323,2.67074257575758,0.466017025046511
p0371,2.80963165778241,0.691148027811254,0.925079547129107,2.05031045454545,2.35360095959596,0.424657539415918
p0372,4.46723668976277,0.219218471247166,0.880548982154959,3.74574580808081,3.83666994949495,0.687738831314549
p0373,2.06054081886325,0.83388301201607,0.922132128006822,0.254988641414141,1.4226558030303,0.195118605869943
p0374,2.68463296283375,0.718017965220497,0.900493930572533,0.723223925757576,1.93624263989899,0.258061374371329
p0375,2.02383468664416,0.839748658583098,0.929010757948356,0.661072673737374,1.5154851040404,0.228821991742215
p0376,3.3345837567209,0.564954316340767,0.923196599163754,2.62007318181818,2.93282116161616,0.500934924117344
p0377,3.6452925706571,0.480104109706341,0.924201809273355,2.98702681818182,3.2121148989899,0.545377553673381
p0378,4.62604779207562,0.162717847563625,0.915615775499367,4.12837424242424,4.23393363636364,0.756397987747833
p0379,2.50166315728278,0.755144835439783,0.929789960062677,1.64736318181818,2.08218833333333,0.355501773144337
p0380,2.4115228564115,0.772472251900079,0.907536200674158,0.315042630808081,1.64923039949495,0.210861059003661
p0381,2.37993789346073,0.778393318011084,0.917899497258073,1.27406944444444,1.82386621212121,0.31809410350472
p0382,2.16846105075615,0.816026675971364,0.924750402568192,0.995100707070707,1.63182858585859,0.273989033566214
p0383,2.00384596071646,0.842898522163319,0.929793007864593,0.701622542424242,1.51361250808081,0.236449228255139
p0384,2.59936846655123,0.735645142025673,0.901129435382521,-1.17257131717172,1.6882997010101,0.226423474482529
p0385,2.45509603716902,0.764175689096668,0.905644731858836,-0.900441173232323,1.53964309242424,0.193468066766502
p0386,2.91175756561913,0.668287353983012,0.879259518279695,-1.26520853030303,1.96074044949495,0.26086527715011
p0387,1.90442620076481,0.858100815662451,0.930111655409723,0.244745351515151,1.31205626464646,0.185639117203858
p0388,2.72454078042854,0.709572170659329,0.917548200051469,1.56659141414141,2.23914323232323,0.345943787516682
p0389,2.57523975869542,0.740530125997743,0.92278618571789,1.68292,2.07271151515152,0.364748626410491
p0390,2.90727651830087,0.66930754626676,0.91954498676583,2.1211147979798,2.42348085858586,0.432791147647487
p0391,3.25448574423372,0.585603240624969,0.869575066994302,0.334028211111111,2.2366933040404,0.269752693593997
p0392,4.61449452197457,0.166894746721365,0.900360273952689,4.03340696969697,4.1230302020202,0.739996169010209
p0393,2.20555550407295,0.809678616293161,0.927443961761618,0.92285196969697,1.69663782828283,0.248466656570105
p0394,3.25269875520919,0.586058193704582,0.883967325715277,1.15758707070707,2.37537767676768,0.32490222553099
p0395,4.03815008503344,0.362006115291177,0.893792463580772,3.33292782828283,3.49702742424242,0.638579748775163
p0396,4.05724815629269,0.35595717453467,0.88983933130929,3.33558732323232,3.48802974747475,0.644495398988853
p0397,2.5307778342715,0.749412359099819,0.903148103500762,0.257650576767677,1.70178457474747,0.208349354592884
p0398,2.94772765377302,0.660041178573135,0.926584898140468,2.16089767676768,2.5560597979798,0.430261588158301
p0399,3.60070071332181,0.492745798432061,0.926458912755275,2.9652252020202,3.19168631313131,0.544244922115367
p0400,4.27825336456032,0.283881976047225,0.864322865200487,3.42134828282828,3.54964727272727,0.650588293485783
p0401,5.56786276191459,-0.212910198511225,0.844437575963596,4.81791909090909,4.85220191919192,0.878278263797341
p0402,4.71758963643897,0.129253124188461,0.81119778836986,3.6212202020202,3.73606323232323,0.685074518524375
p0403,4.12210318905583,0.335202584923423,0.84912562096848,3.12675515151515,3.30879393939394,0.614672767031549
p0404,2.26085125453245,0.800015846520433,0.905926658233275,0.714212696464646,1.62239397020202,0.264685361217452
p0405,3.79136623384212,0.43760289130054,0.826630393445916,2.48854085858586,2.88473994949495,0.527337441243972
p0406,2.0245433075909,0.839636418844944,0.929224237942751,0.780286161616162,1.52526484848485,0.246825295422007
p0407,3.4523106338662,0.533693643689093,0.85299131011412,-0.43149083030303,2.45580052727273,0.300970312999098
p0408,3.44871292248516,0.534665028779659,0.921418324594488,2.68875378787879,3.01392893939394,0.506266654787189
p0409,1.93690698673249,0.853219239027582,0.926433862801181,-0.209640381313131,1.20776866414141,0.157621801062069
p0410,2.65858561565082,0.723463217966909,0.899574963140209,-1.29506793585859,1.74370227929293,0.237065080094714
p0411,2.24033219504261,0.803629410657654,0.931314034348035,1.27248106060606,1.78878217171717,0.304171654634815
p0412,3.07512230393994,0.630021582929673,0.911545128487342,1.92428742424242,2.52862580808081,0.393702236733507
p0413,4.0760180570939,0.349984366339472,0.884801638407882,3.31409060606061,3.42781080808081,0.622404506881267
p0414,3.24617298563986,0.58771747991458,0.924245805934621,2.59442873737374,2.81052813131313,0.49364096410247
p0415,3.06548969724713,0.632335815963922,0.865072362115214,1.72190601010101,2.29898106060606,0.40563835020711
p0416,4.5066781883529,0.205370474370381,0.89318661413843,3.86880434343434,3.96114222222222,0.712765167484596
p0417,3.96371046505071,0.385310987692494,0.77917925086176,2.31438378787879,2.95223560606061,0.521423583548648
p0418,3.43480373713438,0.538410993352844,0.92671645411369,2.82923606060606,3.01765767676768,0.523787095846024
p0419,3.89887411345956,0.405256054822009,0.923876854112236,3.30558419191919,3.48475984848485,0.600909732065179
p0420,4.31964512742925,0.269958174002374,0.902224102739632,3.70936303030303,3.83306828282828,0.684099704340815
p0421,4.31065410513289,0.272994067500885,0.906035397911902,3.72704484848485,3.83863111111111,0.693489729247462
p0422,2.48170680431286,0.759035787771599,0.927090158000532,1.49179227272727,2.06713045454545,0.331674222895971
p0423,4.1063487533509,0.340274507234659,0.895337517840589,3.4283051010101,3.54751570707071,0.654169985907371
p0424,2.89584723135326,0.671902517642911,0.918099696108963,2.08996267676768,2.37784419191919,0.429511174492202
p0425,4.09037191985538,0.345398192545279,0.922026158763807,3.55222343434343,3.70986181818182,0.654716872305838
p0426,3.10830975778499,0.621992699889843,0.9093100534763,1.93995303030303,2.5634002020202,0.401657585927542
p0427,3.93737948304902,0.393450636469591,0.803762517114003,2.48916535353535,2.93084232323232,0.522371358446733
p0428,3.43804419233266,0.537539639893827,0.922258787388348,2.8194595959596,3.02172434343434,0.541975063431992
p0429,4.46985232365826,0.2183038850481,0.840135729753404,3.50224727272727,3.62583232323232,0.665512889343397
p0430,3.42097888677357,0.54211924400418,0.852149815513214,2.16091803030303,2.60054126262626,0.466274807872509
p0431,4.44533270882342,0.226856434786642,0.726757061910576,2.61143252525253,3.2946902020202,0.579529106859742
p0432,4.53172312818806,0.196513952144297,0.908947345159631,3.98570843434343,4.08673065656566,0.724775506273719
p0433,3.93310730025359,0.394766173338938,0.906658933812857,3.29351207070707,3.43734176767677,0.618111496022192
p0434,2.62292895068248,0.73083123813194,0.913069986074864,1.22917156565657,2.05700085858586,0.305429800332562
p0435,2.93647752335768,0.662631161899612,0.924925574182754,2.21529702020202,2.49908035353535,0.448803014451753
p0436,4.73493654293478,0.122837756833715,0.884543523157611,4.08439247474747,4.15678691919192,0.748826196022392
p0437,2.94222927800203,0.661308241370967,0.917064353655356,1.88653156565657,2.45784762626263,0.389462019231667
p0438,3.98320514052503,0.37924968162573,0.757243407614528,2.12537333333333,2.91615141414141,0.50179911573344
p0439,4.3720326177792,0.252143297614494,0.921298239269356,3.86802595959596,3.98496080808081,0.704132334691614
p0440,3.26785821228337,0.582190786120056,0.918159388395303,2.36327494949495,2.8027301010101,0.457837300972844
p0441,2.72016250132267,0.710504843357659,0.925732547090987,1.92783717171717,2.26504818181818,0.395918443142404
p0442,2.09251242308874,0.828688036195959,0.919611310882832,-0.467086887373737,1.24491375606061,0.151568299771342
p0443,5.4001916349138,-0.140958759750393,0.818560016401152,4.49771388888889,4.54320934343434,0.835622768233717
p0444,2.96233067519496,0.656664528216317,0.92841717535722,2.27121267676768,2.53146308080808,0.438717962902058
p0445,1.92470133321354,0.855063323718644,0.929028635286779,0.0456626863636364,1.26404468737374,0.167566040286296
p0446,2.57664662351782,0.740246549489427,0.889287754139734,1.13332009090909,1.88192950505051,0.319973617840842
p0447,2.77911065997849,0.697821693034936,0.898780988311359,1.67362797979798,2.14494343434343,0.386040993688235
p0448,3.3052662090025,0.572570501790445,0.879708296386869,2.26696232323232,2.57779575757576,0.470779943692651
p0449,1.93319048517567,0.853781979078832,0.92427820401639,-0.0702862883838384,1.3008521469697,0.197023774992086
p0450,3.97019141544405,0.383299223258631,0.909849826688192,3.35970166666667,3.50464833333333,0.635067881871434
p0451,3.73256815556926,0.454911403370482,0.874875870107771,2.80628505050505,3.01465242424242,0.546317095940091
p0452,2.73157036403323,0.708071572489118,0.910978686030396,1.76441808080808,2.17535404040404,0.385522958534611
p0453,2.63550240991038,0.728244439690141,0.928587742376623,1.84225207070707,2.20515025252525,0.383735104511426
p0454,5.29165209956687,-0.0955549636918911,0.788160640113466,4.19252727272727,4.26502474747475,0.780536954468768
p0455,4.55173400005621,0.189402328169254,0.89323916656159,3.9268154040404,4.0273648989899,0.730402261881622
p0456,2.43695312651127,0.767648246058212,0.914594461087411,0.770241808080808,1.80582374747475,0.245711861891143
p0457,2.93565564826065,0.662819984216026,0.87938834031134,1.67881196969697,2.23859843434343,0.400178927219101
p0458,2.60448959418815,0.734602482186242,0.921825403324576,1.71562878787879,2.08555838383838,0.371236413736191
p0459,4.45830272385018,0.222338297201168,0.901827011118352,3.86041045454545,3.95965237373737,0.705819816031457
p0460,3.72975280311571,0.455733377785306,0.874885127633077,2.80908080808081,3.02214696969697,0.55616290588882
p0461,2.87039024495509,0.677645680324859,0.903100361601435,1.25982494949495,2.17051414141414,0.307339605418936
p0462,2.34886423489496,0.784142355421677,0.930050863963441,1.38396136363636,1.94721994949495,0.319644400091834
p0463,2.29497663088276,0.793933147022381,0.928026944962671,1.2108752020202,1.86353196969697,0.295759512362535
p0464,2.8299425230451,0.686666497458102,0.888146239834713,0.311855960606061,1.93406494848485,0.238221298604032
p0465,3.25883499144815,0.584494912989736,0.895557266475659,2.35766515151515,2.63789121212121,0.482875009140235
p0466,5.38915264437356,-0.136298865984461,0.863878735930158,4.7123855050505,4.75853196969697,0.856043075847321
p0467,3.11207426009088,0.621076529254568,0.873506641137335,1.90464095959596,2.39634722222222,0.435597171656057
p0468,2.2053016158601,0.809722430719717,0.930016429421319,1.12620626262626,1.7774196969697,0.284782195608967
p0469,2.28356474602736,0.795977407007957,0.920519834189233,1.13884424242424,1.74388818181818,0.300821379888638
p0470,4.350784483258,0.259394819750119,0.787158039659144,2.97545833333333,3.30630762626263,0.604245744380669
p0471,3.33578780076255,0.564640088976692,0.86707497449338,0.344813157575758,2.3008529030303,0.2741935588038
p0472,2.06725140174952,0.832799260603236,0.930568270235119,0.873334090909091,1.62123419191919,0.256011988176329
p0473,2.19255245831419,0.81191611390437,0.921714468646549,0.969780151515152,1.65373237373737,0.279252509650288
p0474,3.53240527271247,0.511805758730181,0.898928512393358,2.74901505050505,2.95298858585859,0.53836486501405
p0475,1.9372366588346,0.853169269007926,0.928832754707216,0.278759373232323,1.3528632530303,0.190502829134827
p0476,4.07010077751761,0.351870291409706,0.902573795742707,3.41829656565657,3.54329606060606,0.630212233758219
p0477,3.25563755914028,0.585309865348042,0.925570420426139,2.57355767676768,2.86239828282828,0.495403362078781
p0478,3.5012933329694,0.520367506855053,0.824166685600797,2.00176833333333,2.62893287878788,0.463183548345807
p0479,3.08114699593833,0.628570460476057,0.877602662663925,1.90251191919192,2.34124121212121,0.420908745379005
p0480,2.03825811939867,0.83745636584267,0.929092319889953,0.681528258080808,1.55648406515152,0.233848670591577
p0481,2.25006367926319,0.801919728747796,0.921521333505325,1.09914353535354,1.7020403030303,0.287752748554943
p0482,3.05063906902482,0.635889452854299,0.926304589996559,2.28819747474747,2.62451656565657,0.441595864368978
p0483,5.36567790319229,-0.126421162428383,0.826503833280181,4.48700767676768,4.53161424242424,0.818596848511083
p0484,4.94730710760721,0.0423885192602089,0.89678917996126,4.38825338383838,4.45580893939394,0.797887253398952
p0485,4.83197514026274,0.0865159136931275,0.845973588317799,3.9829197979798,4.05651777777778,0.7411598680688
p0486,3.51902653338673,0.515496759243907,0.822665044506258,2.02117378787879,2.64359247474747,0.468574556761727
p0487,3.76516945847344,0.445347904774534,0.891312149517256,2.98025570707071,3.14363025252525,0.570677716394743
p0488,3.28973006923444,0.576579254605469,0.876831077259967,2.21099631313131,2.54704136363636,0.457265832919001
p0489,3.50837175400324,0.518426239893362,0.858358943112868,0.170899175252525,2.4680228449495,0.298931775289591
p0490,3.22227145784928,0.593766389846377,0.858338777189108,-0.927363319191919,2.25116453131313,0.287500690203199
p0491,3.41277639870303,0.544312334908568,0.904564751542604,2.253765,2.83028065656566,0.446520084181095
p0492,5.21251329311562,-0.0630310611637606,0.886569707713569,4.63526616161616,4.69615909090909,0.851419890011259
p0493,2.67740428561514,0.719534457706265,0.929500764468707,1.91218565656566,2.25157383838384,0.391963836902361
p0494,4.93102454384246,0.0486815230602329,0.815065250582972,3.90235308080808,3.98665257575758,0.727495449692059
p0495,2.96161229343304,0.656831029570609,0.877094537101154,-1.12288217626263,2.01311045909091,0.262589010243769
p0496,2.17202915575424,0.815420738221362,0.929544127345612,1.11425676767677,1.69929676767677,0.289012254429735
p0497,3.51224612859583,0.517362026923594,0.899740367542272,2.72857212121212,2.92984171717172,0.531887335418967
p0498,3.38310575183899,0.552201380341953,0.859777001308721,0.163347979292929,2.32775313181818,0.27826620670452
p0499,3.63916583961132,0.481850244183295,0.861744353049827,2.57545555555556,2.85653505050505,0.523067687392465
p0500,2.70100958013608,0.714567216554721,0.929976505607468,1.91240247474747,2.29462388888889,0.388338157747815
