wind_speed,swr,Phys.par/C_shelter,Phys.par/Kz_ak,Phys.par/Kz_ak_ice,par_id
1.0393,0.80191,0.10292,0.22687,0.00085858,p0001
1.0789,0.85964,0.19897,0.26943,0.0081137,p0002
1.0066,0.92444,0.13439,0.09291,0.00066271,p0003
0.98329,1.1888,0.1084,0.24813,0.0039195,p0004
1.1606,1.1059,0.13102,0.031221,0.0063124,p0005
1.1092,1.015,0.10602,0.072584,0.00073812,p0006
0.81592,1.0142,0.12172,0.24619,0.0017388,p0007
0.86044,0.80795,0.1802,0.014313,0.0041215,p0008
1.1783,1.0109,0.18251,0.20048,0.0048966,p0009
0.95872,0.97378,0.19205,0.083241,0.0015966,p0010
1.0521,1.0842,0.15201,0.10516,0.0044078,p0011
1.0212,0.96111,0.15494,0.048765,0.0047638,p0012
0.97512,1.1627,0.18791,0.16589,0.00067476,p0013
0.84418,1.0525,0.13413,0.088897,0.0057782,p0014
0.94067,0.88197,0.16677,0.18566,0.003976,p0015
0.8847,0.91954,0.18213,0.22812,0.0023602,p0016
1.0411,1.1984,0.15994,0.039141,0.0017467,p0017
1.1225,0.99346,0.14838,0.027585,0.0034806,p0018
1.1726,0.86943,0.16187,0.21933,0.0038363,p0019
1.1615,0.85105,0.16861,0.3022,0.0053832,p0020
0.84386,1.1623,0.16487,0.22579,0.00403,p0021
0.96572,0.82512,0.18154,0.031766,0.0015128,p0022
0.82517,0.96866,0.1542,0.030261,0.0043586,p0023
0.80674,0.93292,0.19692,0.034962,0.0067462,p0024
0.8962,0.98757,0.19859,0.044762,0.0020809,p0025
0.80201,1.1517,0.13873,0.027301,0.0019678,p0026
0.89249,0.81179,0.1946,0.15681,0.0055902,p0027
1.1447,1.0825,0.1702,0.18512,0.0054198,p0028
0.88045,0.83472,0.17515,0.080487,0.0050841,p0029
1.0176,0.8932,0.17323,0.25306,0.0036172,p0030
1.1766,1.0397,0.17375,0.1586,0.0068266,p0031
0.81556,0.9032,0.14883,0.14176,0.0085088,p0032
1.0453,0.84681,0.16854,0.10757,0.0078631,p0033
0.87651,1.1554,0.14421,0.23016,0.0063617,p0034
1.0385,0.88051,0.12287,0.24708,0.0062072,p0035
1.0549,0.80129,0.19618,0.22628,0.0045657,p0036
0.8212,0.82627,0.13895,0.013708,0.0047542,p0037
0.90686,0.90533,0.14849,0.18313,0.0087574,p0038
1.1588,1.0673,0.12326,0.21918,0.0072789,p0039
1.1714,1.1448,0.17708,0.28095,0.0015221,p0040
1.0505,1.1804,0.11624,0.15327,0.00049285,p0041
1.1695,1.0657,0.12826,0.019632,0.0046952,p0042
0.95753,1.1199,0.13424,0.24832,0.0055069,p0043
0.98316,1.1582,0.10952,0.1931,0.0085641,p0044
1.1214,1.0411,0.1719,0.012916,0.0043438,p0045
1.0176,1.0344,0.11427,0.24008,0.0037927,p0046
0.80793,0.92893,0.13081,0.29813,0.0073103,p0047
0.87287,0.97452,0.15245,0.1319,0.0086067,p0048
0.90179,1.1854,0.13149,0.26765,0.0064321,p0049
0.82829,0.91105,0.13165,0.21618,0.004138,p0050
0.89305,1.0986,0.14224,0.10661,0.0032477,p0051
0.9559,0.91133,0.15982,0.19394,0.0057289,p0052
1.1458,0.9278,0.11272,0.25905,0.0081507,p0053
0.91951,1.1988,0.18454,0.23218,0.0023239,p0054
0.955,0.94521,0.18699,0.12895,0.0056962,p0055
0.80061,0.8794,0.15931,0.30673,0.0020392,p0056
0.90915,1.0118,0.1964,0.18528,0.0024119,p0057
1.0166,0.95645,0.14901,0.22321,0.0070777,p0058
0.83145,0.92689,0.14617,0.011797,0.0018293,p0059
1.1154,0.98638,0.14743,0.27727,0.0051554,p0060
0.94504,1.1347,0.14022,0.29058,0.0083824,p0061
0.82937,0.83896,0.14376,0.18045,0.00622,p0062
0.96605,0.86212,0.12836,0.076854,0.0082846,p0063
1.001,1.0183,0.12432,0.24289,0.0029658,p0064
1.1567,0.83569,0.10837,0.05444,0.0046355,p0065
0.92348,0.98003,0.15729,0.033251,0.0022568,p0066
0.96501,0.82877,0.14458,0.049967,0.0057578,p0067
0.87267,0.85224,0.19176,0.27439,0.0074263,p0068
1.1544,1.1826,0.10026,0.16997,0.0088674,p0069
0.99088,1.0072,0.14552,0.13836,0.0041621,p0070
1.1748,1.0899,0.18614,0.21683,0.0067241,p0071
0.86691,1.1121,0.12053,0.2082,0.0053487,p0072
1.0986,0.89046,0.11357,0.09471,0.0039597,p0073
1.1738,1.0587,0.18056,0.22228,0.0055477,p0074
0.80457,0.87172,0.11075,0.13255,0.0016882,p0075
0.99144,0.90227,0.1296,0.048311,0.0032962,p0076
0.9703,1.0893,0.14141,0.2941,0.003049,p0077
0.9469,1.0791,0.15814,0.15743,0.00068533,p0078
1.1142,0.91267,0.19531,0.20029,0.0015593,p0079
0.88845,1.1666,0.15545,0.1905,0.0018454,p0080
1.1787,0.94452,0.16632,0.25125,0.0070461,p0081
1.1493,1.178,0.16795,0.17403,0.0055142,p0082
1.1479,1.179,0.1398,0.30748,0.0033454,p0083
1.1337,1.0883,0.11569,0.30707,0.0032145,p0084
1.0327,0.9829,0.12263,0.14199,0.0039342,p0085
0.92826,0.89821,0.12341,0.26247,0.0021656,p0086
0.98365,0.89014,0.10191,0.11378,0.0025705,p0087
1.1161,1.0023,0.17165,0.1965,0.0087343,p0088
0.8417,1.1976,0.14116,0.17704,0.0030088,p0089
1.1342,0.97045,0.15463,0.11683,0.0063333,p0090
0.92175,1.1927,0.11774,0.0181,0.006463,p0091
0.8683,1.1368,0.1446,0.12302,0.0018926,p0092
1.1981,1.182,0.17212,0.24575,0.0052819,p0093
1.0119,0.89241,0.15771,0.051726,0.0027757,p0094
1.189,0.95326,0.1271,0.26742,0.003522,p0095
0.89499,1.1174,0.19589,0.072257,0.0082943,p0096
1.1671,1.1503,0.15556,0.1157,0.0070242,p0097
0.92389,0.94026,0.14578,0.30555,0.0066251,p0098
1.0765,0.80564,0.11803,0.30622,0.0065018,p0099
0.83077,1.0835,0.17982,0.28318,0.0022895,p0100
0.93317,0.99583,0.18788,0.13775,0.0070307,p0101
1.1897,0.93606,0.19951,0.2554,0.0054617,p0102
1.0183,0.92235,0.12072,0.17418,0.0052208,p0103
0.81398,1.0226,0.13039,0.08016,0.0026946,p0104
1.0096,1.0494,0.1329,0.0032464,0.0040573,p0105
1.002,1.1169,0.13358,0.023142,0.0016251,p0106
1.1637,0.85735,0.17538,0.093353,0.0073285,p0107
0.93098,0.84247,0.12727,0.24052,0.0042039,p0108
1.099,0.90163,0.12871,0.012307,0.0029448,p0109
0.81267,0.81303,0.10965,0.21513,0.00037729,p0110
0.89914,0.93524,0.15967,0.14782,0.0081624,p0111
1.0779,0.98455,0.10116,0.11862,0.0055343,p0112
0.80896,1.1097,0.13206,0.1882,0.0081844,p0113
1.072,1.0656,0.12618,0.30071,0.0042124,p0114
0.80385,0.87082,0.18726,0.092442,0.0062631,p0115
1.1414,0.99418,0.19036,0.24324,0.0018754,p0116
0.95642,1.0865,0.19759,0.13916,0.0062397,p0117
0.9525,1.0916,0.19429,0.087699,0.0044115,p0118
1.1351,0.98096,0.19924,0.27325,0.0020525,p0119
1.1426,0.96524,0.17272,0.069843,0.0086367,p0120
1.1644,0.84861,0.136,0.20718,0.0022708,p0121
1.1759,1.1139,0.11158,0.037106,0.00058527,p0122
0.87748,1.1335,0.13972,0.1373,0.0012804,p0123
1.1013,0.81925,0.16417,0.18778,0.005261,p0124
1.1259,0.81799,0.18971,0.12178,0.0085238,p0125
1.1712,0.84619,0.17858,0.045248,0.0083619,p0126
1.113,0.87663,0.18082,0.2839,0.006876,p0127
0.87333,0.98797,0.12791,0.18083,0.00098505,p0128
1.1779,1.0606,0.12732,0.064423,0.0040885,p0129
0.93699,1.1911,0.12937,0.070785,0.0052701,p0130
0.80693,1.1272,0.10561,0.15816,0.0015005,p0131
1.1366,1.1465,0.15053,0.062449,0.0060314,p0132
0.86408,0.92654,0.19981,0.2242,0.0063748,p0133
0.85808,1.035,0.18467,0.16704,0.0035319,p0134
1.0587,0.90576,0.1824,0.19015,0.0049644,p0135
0.86897,1.0887,0.16237,0.2928,0.0047716,p0136
0.99417,1.1153,0.12852,0.24537,0.0081205,p0137
1.0937,1.1219,0.19464,0.16885,0.0047926,p0138
0.89736,0.97501,0.17776,0.23887,0.00014197,p0139
1.1948,1.0126,0.198,0.15125,0.0013434,p0140
1.117,0.8432,0.16435,0.13117,0.0036649,p0141
1.1865,1.0161,0.17801,0.014989,0.0071242,p0142
0.816,0.99452,0.19444,0.0078749,0.0027111,p0143
1.1719,0.96836,0.14484,0.11164,0.0058166,p0144
0.94008,1.1804,0.10619,0.12407,0.00034191,p0145
1.1025,1.0239,0.14709,0.22848,0.008798,p0146
0.81777,1.1693,0.12381,0.3065,0.0073397,p0147
0.82326,0.90421,0.10854,0.13151,0.00076799,p0148
1.0318,1.1425,0.12746,0.01613,0.007904,p0149
1.0064,0.84122,0.11611,0.2605,0.0033955,p0150
1.0577,1.034,0.18517,0.18106,0.0031687,p0151
0.80529,0.85002,0.135,0.24669,0.0085579,p0152
1.076,0.96747,0.11959,0.12468,0.003062,p0153
1.1953,0.84665,0.13628,0.20606,0.00057544,p0154
1.0125,0.81202,0.10086,0.06754,0.00093751,p0155
1.0641,1.1145,0.18427,0.09364,0.0017907,p0156
0.87104,1.0932,0.14662,0.14694,0.0030586,p0157
0.98496,1.0519,0.16627,0.27929,0.0078169,p0158
1.109,0.81835,0.17938,0.041123,0.0077215,p0159
0.96829,0.82642,0.15002,0.063022,0.0032371,p0160
0.89011,0.9294,0.1183,0.18921,0.0058297,p0161
1.1582,1.1178,0.18525,0.20662,0.0029908,p0162
0.92894,0.88269,0.10793,0.30409,0.0080195,p0163
1.0307,0.97358,0.17222,0.082202,0.0040742,p0164
0.9065,1.1963,0.16379,0.27771,0.0060227,p0165
1.024,1.0437,0.10477,0.0039394,0.0052943,p0166
0.98192,0.92837,0.17462,0.20827,0.0020012,p0167
1.0081,0.92496,0.18296,0.026452,0.0012817,p0168
1.1527,0.96926,0.19771,0.1563,0.0040548,p0169
1.0281,1.1859,0.14944,0.17573,0.0070134,p0170
1.1119,1.001,0.19326,0.13649,0.00054954,p0171
0.93135,0.90459,0.13373,0.16196,0.0027618,p0172
1.1962,0.93477,0.1359,0.25355,0.0061544,p0173
0.92666,1.058,0.12959,0.097294,0.00155,p0174
0.9297,0.9924,0.12493,0.1622,0.0088583,p0175
0.92072,0.84979,0.18046,0.19912,0.0030689,p0176
1.0817,1.0153,0.12257,0.2789,0.007407,p0177
1.016,1.1375,0.18476,0.14369,0.0078303,p0178
1.0956,1.0665,0.11767,0.0073028,0.0041852,p0179
0.8912,1.028,0.18706,0.26904,0.0057362,p0180
1.0372,0.97772,0.1909,0.18869,0.00016394,p0181
0.82783,1.1032,0.13475,0.29766,0.0019563,p0182
1.039,1.0778,0.13328,0.15942,0.0080352,p0183
0.85458,0.96073,0.1956,0.16631,0.0058528,p0184
0.94329,0.8959,0.10539,0.039342,0.0080992,p0185
0.89419,0.99274,0.11311,0.085396,0.0074399,p0186
1.1231,0.8418,0.13483,0.22009,0.0055593,p0187
0.81411,0.93391,0.18651,0.018972,0.0071677,p0188
1.024,1.1796,0.15706,0.24224,0.00062861,p0189
1.1658,0.93502,0.18888,0.27111,0.0034022,p0190
1.0196,0.92528,0.15151,0.14243,0.00011176,p0191
1.1971,0.95222,0.10509,0.067142,0.00086431,p0192
1.1958,1.0328,0.11733,0.028848,0.0088482,p0193
0.83169,0.9702,0.17396,0.20221,0.0084247,p0194
1.1136,1.1756,0.16816,0.2506,0.0030173,p0195
0.91066,1.0565,0.11111,0.086896,0.003949,p0196
1.0594,0.90872,0.13066,0.042329,0.0031312,p0197
0.98581,1.119,0.13097,0.033149,0.0036636,p0198
0.92587,1.034,0.18117,0.016625,0.0037325,p0199
1.1644,1.0259,0.19191,0.10199,0.0052765,p0200
1.0781,1.141,0.10633,0.010151,0.00022421,p0201
0.88429,0.83204,0.10942,0.20507,0.0065531,p0202
1.1509,1.1999,0.15583,0.2761,0.0083501,p0203
0.83665,1.1659,0.1508,0.15876,0.0062895,p0204
0.85137,0.85494,0.16576,0.20272,0.0073867,p0205
1.1316,0.90657,0.10884,0.25265,0.0034937,p0206
1.1997,1.0076,0.16833,0.26197,0.00090806,p0207
0.92511,1.0913,0.11915,0.089829,0.00019519,p0208
1.1298,1.1829,0.17797,0.23153,0.0037103,p0209
1.09,1.0719,0.16396,0.053497,0.004372,p0210
0.9112,1.1379,0.10279,0.044886,0.00022109,p0211
1.1675,0.83923,0.10727,0.055849,0.0034717,p0212
1.0089,1.1689,0.15253,0.27042,0.0078412,p0213
0.96855,1.0771,0.11411,0.20693,0.0059153,p0214
1.0844,1.1951,0.11709,0.15036,0.001543,p0215
0.97793,1.1188,0.15272,0.24915,0.00021199,p0216
0.90237,1.0616,0.17916,0.26367,0.0035201,p0217
0.85282,0.8773,0.13695,0.043078,0.0041526,p0218
1.1575,1.0025,0.18919,0.23181,0.0069598,p0219
0.84508,1.147,0.18034,0.091126,0.0044949,p0220
1.0365,1.1707,0.14242,0.011151,0.0070556,p0221
0.81054,1.181,0.13848,0.26391,0.0075466,p0222
1.1617,0.95079,0.11296,0.29852,0.0064901,p0223
0.91979,1.1589,0.19904,0.1255,0.0071879,p0224
0.82572,0.86069,0.16881,0.13568,0.0051365,p0225
0.84868,0.89925,0.17641,0.022003,0.0082455,p0226
1.1132,0.83802,0.10897,0.089258,0.0051202,p0227
0.96289,0.9717,0.15189,0.10878,0.0043041,p0228
0.90437,0.80877,0.18772,0.041957,0.00028818,p0229
0.93886,0.88019,0.17901,0.034457,0.0040252,p0230
0.95632,0.88784,0.14925,0.010761,0.0056482,p0231
0.95093,0.97804,0.13532,0.050773,0.0055303,p0232
0.82636,0.92723,0.15214,0.077882,0.0031269,p0233
0.99747,1.1047,0.13948,0.25647,0.0036969,p0234
1.1883,1.0569,0.16784,0.1203,0.0083085,p0235
1.0338,1.0701,0.1504,0.20572,0.0082053,p0236
1.0629,0.80384,0.13,0.2324,0.0062991,p0237
0.97332,1.167,0.12536,0.034306,0.0058909,p0238
1.0043,1.1208,0.18873,0.096154,0.0069125,p0239
0.9607,0.95837,0.18437,0.16923,0.0017632,p0240
1.02,0.82786,0.11949,0.17186,0.0017995,p0241
0.836,0.82342,0.11235,0.10812,0.0086896,p0242
0.95454,0.94892,0.18501,0.21174,0.0035778,p0243
1.0563,0.93682,0.1714,0.12452,0.00044722,p0244
0.86597,0.83624,0.12095,0.24499,0.0019592,p0245
1.1352,1.0334,0.10495,0.18602,0.0017771,p0246
1.0916,1.0139,0.13346,0.16668,0.0062517,p0247
0.89848,1.1923,0.15444,0.17876,0.0059907,p0248
1.0146,1.0977,0.15109,0.3028,0.00089216,p0249
1.1241,0.95798,0.17154,0.28741,0.0060994,p0250
0.81234,0.83057,0.15646,0.2993,0.004685,p0251
0.82223,0.87917,0.1148,0.22075,0.0059329,p0252
0.80878,1.1368,0.11051,0.28939,0.0048287,p0253
0.87954,0.95418,0.18104,0.28254,0.0075917,p0254
0.98937,0.97694,0.1643,0.0057575,0.0020984,p0255
0.92859,1.0168,0.17492,0.23848,0.0042366,p0256
0.91711,0.92302,0.1057,0.13011,0.0049025,p0257
0.91011,0.81919,0.18392,0.21969,0.0080046,p0258
1.0262,1.0088,0.11939,0.30007,0.0074062,p0259
1.0047,1.0723,0.13382,0.14994,0.00081895,p0260
1.0095,0.99768,0.10206,0.069239,0.0014298,p0261
1.1805,0.98053,0.16961,0.27814,0.0071931,p0262
1.0945,1.0253,0.16807,0.19751,0.0072593,p0263
1.1769,1.1212,0.1941,0.26025,0.00030513,p0264
0.8338,1.0174,0.11194,0.12677,0.0071809,p0265
1.0249,0.89379,0.16584,0.20397,0.0067765,p0266
0.87916,1.0463,0.17578,0.21737,0.0049484,p0267
0.88177,0.85198,0.15118,0.046355,0.0027144,p0268
1.1595,1.1913,0.19434,0.18261,0.0084674,p0269
0.85041,0.99736,0.10062,0.22106,0.005929,p0270
0.91495,0.86138,0.13257,0.29211,0.0024556,p0271
1.0057,1.0354,0.13863,0.049759,0.00045699,p0272
1.0971,1.1454,0.13282,0.14648,0.0087764,p0273
1.0466,1.1087,0.16501,0.24768,0.0088896,p0274
0.93361,0.95109,0.1906,0.016305,0.0045833,p0275
0.89568,1.0759,0.12843,0.073319,0.0021298,p0276
1.1411,1.1629,0.15387,0.099158,0.00040936,p0277
0.89194,0.86495,0.11717,0.076282,0.0065178,p0278
0.80245,0.82229,0.1248,0.28706,0.0025612,p0279
0.90865,1.1508,0.15563,0.012059,0.0050292,p0280
1.0829,1.1322,0.15148,0.18396,0.0028498,p0281
1.0869,1.1551,0.10748,0.13584,0.0023999,p0282
1.1533,0.9148,0.14868,0.21465,0.0047407,p0283
1.1019,1.1305,0.11036,0.20978,0.0076862,p0284
1.0014,1.1565,0.16062,0.025138,0.0025437,p0285
0.82742,0.84823,0.1268,0.11743,0.0019044,p0286
0.83444,1.0372,0.14193,0.016814,0.005575,p0287
1.0658,0.85658,0.16549,0.238,0.0035553,p0288
0.8193,1.1062,0.12414,0.18474,0.0084982,p0289
1.0707,1.1319,0.1428,0.21394,0.0087193,p0290
1.0037,1.1527,0.14594,0.18986,0.0076426,p0291
0.93985,1.1774,0.1553,0.11076,0.0012189,p0292
1.1539,1.1662,0.16298,0.057245,0.00095534,p0293
1.0274,0.95448,0.19341,0.083458,0.0024446,p0294
1.195,1.1077,0.12292,0.11257,0.0020993,p0295
0.89326,1.0019,0.136,0.24944,0.0014692,p0296
0.94206,0.83774,0.15482,0.26884,0.0033545,p0297
0.96092,0.97153,0.19072,0.29556,0.0057117,p0298
0.94526,0.90259,0.16875,0.064819,0.0032738,p0299
0.8083,0.80409,0.10916,0.063054,0.0046281,p0300
1.1635,1.0521,0.13365,0.018689,0.0058732,p0301
1.1309,0.82548,0.16338,0.072827,0.0016189,p0302
0.89939,1.0797,0.12218,0.29502,0.0022421,p0303
0.93455,0.94289,0.18325,0.096321,0.0037698,p0304
1.0168,0.80345,0.1303,0.021304,0.0068502,p0305
1.1283,1.0264,0.1107,0.14516,0.0058388,p0306
0.84914,1.1386,0.19812,0.10136,0.0037188,p0307
0.81657,0.99187,0.17887,0.066026,0.0085726,p0308
0.9589,1.0695,0.17619,0.28665,0.0018128,p0309
0.90096,1.1462,0.16473,0.036695,0.0063792,p0310
1.1077,0.94078,0.12043,0.25879,0.0063479,p0311
1.0977,0.89744,0.11539,0.25696,0.0058486,p0312
1.0493,0.89218,0.17332,0.17831,0.0016416,p0313
0.88127,1.1041,0.14445,0.28484,0.001423,p0314
0.97422,1.122,0.12811,0.0054907,0.004842,p0315
1.1578,1.142,0.10011,0.29197,0.0082643,p0316
0.99942,1.1874,0.12591,0.13921,0.00223,p0317
1.0688,1.1053,0.12751,0.25005,0.0020579,p0318
0.91082,0.82567,0.17922,0.12997,0.0034504,p0319
0.86635,1.1634,0.10528,0.0087171,0.004954,p0320
0.92681,0.87862,0.12427,0.23025,0.0027517,p0321
1.1853,1.1522,0.12396,0.12943,0.00094968,p0322
1.0806,0.84089,0.18136,0.30585,0.007571,p0323
1.0773,0.88357,0.17077,0.25492,0.004708,p0324
0.86399,0.95274,0.1717,0.040719,0.0087892,p0325
0.95533,0.94583,0.19129,0.23722,0.0011499,p0326
1.1294,0.90394,0.16264,0.27844,0.005706,p0327
1.1857,0.96587,0.16647,0.17691,0.0031938,p0328
0.8783,1.1049,0.11848,0.13737,0.0040936,p0329
1.0377,1.0922,0.10349,0.24393,0.0015363,p0330
1.0934,1.0457,0.16191,0.044125,0.0030978,p0331
0.95432,0.84898,0.12909,0.24259,0.0075639,p0332
0.99336,0.87376,0.14529,0.027886,0.0083024,p0333
1.05,1.194,0.14348,0.032905,0.0052374,p0334
0.98965,0.81108,0.14214,0.2861,0.0025069,p0335
0.90014,1.0661,0.17548,0.20896,0.0065168,p0336
1.182,1.0874,0.15235,0.023446,0.0074743,p0337
0.94096,0.97105,0.19878,0.16548,0.0088978,p0338
1,0.88888,0.18352,0.060844,0.0064247,p0339
0.90923,0.85713,0.13767,0.28837,9.3265e-05,p0340
0.81179,1.0295,0.14636,0.23398,0.00072856,p0341
0.92607,1.0819,0.12639,0.043385,0.0064706,p0342
1.1122,0.96252,0.19998,0.075127,0.0018203,p0343
0.80989,1.1415,0.18073,0.10244,0.0019408,p0344
1.191,1.023,0.18307,0.3053,0.0018588,p0345
0.80408,1.04,0.14781,0.15686,0.00078875,p0346
1.1472,1.0531,0.14479,0.1147,0.0080276,p0347
1.198,1.05,0.10079,0.2029,0.0087061,p0348
1.1253,1.0974,0.18684,0.21578,0.0029023,p0349
1.0876,0.97221,0.18678,0.14476,0.0023418,p0350
1.0152,1.1162,0.18921,0.28199,0.0036324,p0351
1.1036,1.1748,0.10711,0.12215,0.0076563,p0352
0.91818,1.0169,0.1922,0.081399,0.0088218,p0353
1.0857,1.0848,0.10548,0.26987,0.0029756,p0354
0.84276,0.95951,0.15958,0.22271,0.0076048,p0355
1.0832,0.85299,0.1014,0.056226,0.0054412,p0356
0.8837,1.0314,0.13182,0.13417,0.0019756,p0357
0.9783,1.0545,0.11674,0.079932,0.0054129,p0358
1.0072,0.83723,0.15616,0.09223,0.0012527,p0359
1.0234,0.93867,0.18284,0.16432,0.0069056,p0360
1.1096,0.92034,0.10925,0.066164,0.007488,p0361
0.84712,1.1934,0.17206,0.078679,0.0043207,p0362
1.0953,1.0928,0.10678,0.29417,0.0051467,p0363
0.84467,1.0682,0.15306,0.092772,0.0057444,p0364
0.89213,0.93925,0.16989,0.11914,0.0017539,p0365
1.153,1.0711,0.13856,0.21775,0.002658,p0366
0.8327,0.99907,0.15889,0.022713,0.00029881,p0367
1.0189,0.82747,0.17036,0.2336,0.002149,p0368
1.0138,0.85831,0.12274,0.015539,0.0011114,p0369
0.9138,1.1612,0.1695,0.14914,0.0029173,p0370
0.82701,1.0199,0.16282,0.049247,0.0061334,p0371
1.1844,0.84786,0.1575,0.043798,0.00036726,p0372
1.1183,0.95886,0.14308,0.052357,0.0012405,p0373
0.99496,0.85137,0.17946,0.068442,0.00044531,p0374
1.1429,0.83694,0.16841,0.054771,0.0079538,p0375
0.87767,1.1003,0.10054,0.28427,0.0049416,p0376
1.0345,0.94843,0.10403,0.17965,0.0010016,p0377
1.1697,1.1394,0.1881,0.12631,0.0013427,p0378
0.98074,1.1865,0.19863,0.17242,0.00033692,p0379
1.0212,1.0056,0.12138,0.2727,0.0042843,p0380
1.0614,0.91859,0.11187,0.1497,0.0032351,p0381
1.0647,0.82037,0.1949,0.29877,0.0061754,p0382
0.82888,0.991,0.15393,0.19146,0.0081423,p0383
0.86978,1.0362,0.11214,0.11783,0.0034473,p0384
1.132,0.81418,0.17052,0.024363,0.00036259,p0385
0.94649,0.97917,0.12546,0.21139,0.0050712,p0386
0.83718,1.0943,0.19657,0.12589,0.0029259,p0387
1.0228,1.086,0.11571,0.2107,0.0010449,p0388
1.192,0.88093,0.12195,0.13291,0.0049173,p0389
1.0724,1.0966,0.1839,0.013378,0.0080731,p0390
1.1516,0.86395,0.14696,0.14733,0.0073529,p0391
0.83992,1.1194,0.17435,0.053046,0.00015534,p0392
0.99682,0.89891,0.11985,0.28277,0.0043494,p0393
0.99798,0.88669,0.14828,0.21224,0.0053684,p0394
0.8757,0.93039,0.19366,0.24437,0.0054302,p0395
0.89077,1.0179,0.12084,0.17476,0.0030365,p0396
1.1839,0.89601,0.18606,0.19556,0.0060527,p0397
0.85674,0.99061,0.1271,0.026572,0.0052363,p0398
0.85597,1.1787,0.13333,0.25272,0.0046054,p0399
0.84743,0.93075,0.13448,0.08618,0.0048529,p0400
1.0617,1.188,0.13936,0.10626,0.0083414,p0401
0.84576,1.17,0.14207,0.23128,0.00083942,p0402
0.90321,1.1547,0.19555,0.22928,0.0051261,p0403
0.94873,1.142,0.11084,0.088932,0.0022835,p0404
0.8205,1.1604,0.1749,0.20194,0.0028562,p0405
1.0942,1.0324,0.12304,0.24649,0.0077957,p0406
0.93942,0.81652,0.18537,0.11106,0.0015039,p0407
1.0573,1.1907,0.14542,0.1348,0.0014142,p0408
0.94416,1.0445,0.11384,0.050985,0.0012206,p0409
1.0669,0.90817,0.1977,0.21118,0.0069515,p0410
0.96177,1.178,0.1624,0.15987,0.0086547,p0411
1.0675,1.0588,0.13272,0.006443,0.0066356,p0412
0.88674,1.0937,0.18897,0.077228,0.0079778,p0413
1.0309,1.0983,0.18369,0.27031,0.0058679,p0414
1.1028,1.1156,0.12456,0.1271,0.0071071,p0415
1.077,1.1343,0.10267,0.19621,0.0081761,p0416
0.94292,1.1381,0.1264,0.14258,0.0042238,p0417
0.91907,0.91912,0.15262,0.11269,0.0038428,p0418
0.96388,1.1102,0.19115,0.27167,0.0019294,p0419
0.81988,1.0301,0.16974,0.29808,0.0026601,p0420
0.87517,1.0733,0.12105,0.075723,0.00046518,p0421
0.95206,0.81854,0.15799,0.19486,0.0063546,p0422
0.99605,1.1737,0.14914,0.037495,0.0053052,p0423
1.1211,1.0877,0.11881,0.070356,0.0081306,p0424
0.82439,0.82958,0.14315,0.082346,0.0048036,p0425
1.0861,0.91749,0.16991,0.16453,0.0039096,p0426
0.85684,1.0996,0.17112,0.078934,0.0038747,p0427
0.95955,1.0394,0.12149,0.029961,0.0072929,p0428
1.1108,1.1023,0.17569,0.15796,0.00867,p0429
1.1145,0.87701,0.10621,0.044326,0.0062245,p0430
1.1706,1.1972,0.13492,0.14558,0.0071214,p0431
1.0799,0.85077,0.13301,0.14933,0.008966,p0432
0.97866,1.0564,0.18642,0.29119,0.0074669,p0433
0.89695,1.0871,0.18276,0.19936,0.00023699,p0434
0.83553,0.90616,0.1955,0.059156,0.0066693,p0435
0.99593,0.85897,0.11392,0.21016,0.0046162,p0436
1.1485,1.0121,0.10652,0.15208,0.006401,p0437
0.88591,1.0774,0.11255,0.056828,0.0065824,p0438
0.93012,0.9412,0.18969,0.1837,0.0047994,p0439
1.0077,1.1472,0.11813,0.13093,0.0012691,p0440
0.96732,1.1919,0.1097,0.15454,0.0034221,p0441
0.83887,1.1028,0.15067,0.20332,0.0039672,p0442
0.93662,1.0299,0.17124,0.28135,0.0058963,p0443
0.9319,0.8335,0.16131,0.2559,0.0049166,p0444
1.1631,1.145,0.13246,0.27742,0.0075029,p0445
1.1741,0.88719,0.12685,0.18184,0.0027695,p0446
0.81135,0.80014,0.14968,0.28191,0.0065712,p0447
1.0328,0.98399,0.16732,0.079789,0.0070968,p0448
0.81305,1.0067,0.1586,0.15145,0.008043,p0449
0.85887,1.0289,0.16385,0.30094,0.0049912,p0450
1.0376,0.94637,0.15915,0.070462,0.00069963,p0451
0.90726,0.98899,0.16403,0.29348,0.0086021,p0452
1.0259,0.90295,0.17267,0.031056,0.0031421,p0453
0.99374,0.89084,0.10738,0.0084946,0.0075504,p0454
0.80937,0.91678,0.13046,0.025551,0.0068181,p0455
0.91575,0.96198,0.11542,0.12779,0.00025529,p0456
1.0048,0.93738,0.1782,0.13527,0.0084294,p0457
1.1755,1.0837,0.12207,0.091906,0.0037803,p0458
1.0459,0.96151,0.14065,0.2855,0.0052052,p0459
1.0421,1.0481,0.13726,0.16828,0.0087008,p0460
0.90148,0.94175,0.10424,0.25553,0.0061836,p0461
1.0966,0.84932,0.13121,0.16961,0.0067597,p0462
0.9476,1.0511,0.18189,0.014749,0.0054461,p0463
1.193,0.93209,0.18834,0.065751,0.003603,p0464
1.145,1.089,0.1802,0.099511,0.0072365,p0465
1.0316,0.85425,0.19306,0.23498,0.0085471,p0466
0.98521,1.144,0.17957,0.16147,0.0083216,p0467
1.0637,0.86025,0.14338,0.19229,0.0019966,p0468
0.91478,1.096,0.11513,0.046697,0.0025908,p0469
0.80283,1.1896,0.1428,0.01045,0.0048863,p0470
1.1375,0.91451,0.10649,0.14456,0.0066485,p0471
1.1149,0.82078,0.19823,0.041163,0.0024268,p0472
1.0438,0.95528,0.19624,0.26425,0.0022106,p0473
0.95015,1.1114,0.11011,0.25376,0.0058064,p0474
0.93275,0.86267,0.18069,0.17994,0.0038784,p0475
1.0889,1.0435,0.14979,0.20141,0.0085883,p0476
0.85024,1.1894,0.14384,0.29518,0.0014038,p0477
1.1439,1.0822,0.13191,0.17778,0.0067169,p0478
0.84792,1.058,0.11451,0.23264,0.0087619,p0479
0.90369,0.83411,0.16363,0.018507,0.0082713,p0480
1.0804,1.1812,0.11696,0.2865,0.0060002,p0481
1.1434,0.98687,0.18905,0.10209,0.0044206,p0482
1.0136,0.92438,0.15746,0.19432,0.0027285,p0483
0.93767,1.0951,0.12572,0.28006,0.0046925,p0484
1.043,0.80665,0.11667,0.29609,0.0081902,p0485
0.88712,1.1397,0.16664,0.26232,0.0068617,p0486
0.94723,0.93188,0.14254,0.05189,0.0022021,p0487
1.0821,0.95713,0.10158,0.14815,0.0077857,p0488
0.94133,0.82107,0.16469,0.1135,0.00042611,p0489
0.94567,1.0311,0.19027,0.20108,0.00133,p0490
0.97059,0.85372,0.17688,0.13218,0.00776,p0491
0.88489,1.1106,0.18587,0.040471,0.0014355,p0492
0.88909,0.88201,0.16569,0.23691,0.0056703,p0493
1.0788,0.9433,0.13671,0.19286,0.0034659,p0494
0.87855,1.194,0.15356,0.18286,0.0063867,p0495
1.0735,0.86582,0.16606,0.16624,0.0048723,p0496
0.81322,0.80612,0.14,0.037412,0.0081571,p0497
0.98278,1.0738,0.18592,0.0040825,0.003751,p0498
0.95362,1.1759,0.10168,0.16278,0.0034325,p0499
1.0417,0.92269,0.17352,0.13335,0.0004099,p0500
0.86751,1.1251,0.13402,0.24548,0.0009962,p0501
0.9985,1.08,0.17691,0.13798,0.0061077,p0502
1.1498,0.93146,0.17455,0.17929,0.002181,p0503
1.0005,0.96709,0.14041,0.28032,0.0067882,p0504
0.93543,1.1181,0.10361,0.1529,0.0056206,p0505
0.9211,1.07,0.19511,0.22373,0.00083343,p0506
0.9084,0.96228,0.1602,0.0074519,0.0022194,p0507
0.80743,0.92055,0.13464,0.025966,0.0083972,p0508
1.1001,1.0195,0.11466,0.11444,0.007774,p0509
0.86344,0.98832,0.12919,0.19682,0.0059662,p0510
1.1347,0.8353,0.13396,0.028347,0.004131,p0511
0.87997,0.90961,0.16351,0.28908,0.0087253,p0512
1.0795,1.1617,0.16929,0.025744,0.0023901,p0513
1.0603,0.92598,0.14159,0.26609,0.0062441,p0514
0.86141,0.95842,0.138,0.065045,0.0029546,p0515
0.83731,0.88157,0.16619,0.27545,0.0026447,p0516
0.8378,1.1683,0.15524,0.064084,0.006282,p0517
1.1648,0.89873,0.15712,0.26463,0.0014453,p0518
0.97194,1.1458,0.10779,0.15189,0.0069975,p0519
1.157,1.1735,0.14718,0.28971,0.0079136,p0520
0.85795,0.97555,0.15627,0.061746,0.00048318,p0521
1.1746,1.0952,0.16308,0.050527,0.0041792,p0522
1.1442,0.81362,0.17289,0.27505,0.0026886,p0523
1.0678,1.1876,0.13656,0.29715,0.0069699,p0524
1.156,1.1538,0.13743,0.0049868,0.0042689,p0525
1.0849,1.0097,0.15511,0.15284,0.0050864,p0526
0.87073,0.80722,0.12232,0.22774,0.0084485,p0527
1.1452,0.82426,0.10488,0.11886,0.0036891,p0528
0.82148,1.0209,0.18867,0.21488,0.0021379,p0529
1.035,1.0686,0.16253,0.28058,0.0032213,p0530
1.007,1.135,0.11498,0.25195,0.0030917,p0531
1.1188,1.1722,0.14954,0.24341,0.00282,p0532
0.87706,0.86294,0.1902,0.063508,0.0080631,p0533
1.0399,0.94266,0.17194,0.30501,0.0070714,p0534
1.1519,0.82476,0.19719,0.15517,0.0027425,p0535
1.1558,0.94391,0.11645,0.13372,0.003304,p0536
1.0435,0.93426,0.19979,0.1113,0.0014897,p0537
0.91525,1.0082,0.17842,0.21349,0.0082317,p0538
1.1943,1.144,0.1408,0.024958,0.0013529,p0539
0.82314,0.85325,0.19235,0.042683,0.0085956,p0540
1.1308,0.98428,0.15457,0.13993,0.0031901,p0541
1.0334,0.80811,0.12779,0.24997,0.0079303,p0542
0.84305,1.1585,0.11976,0.21409,0.0024709,p0543
0.94822,1.1573,0.16208,0.25455,0.0034068,p0544
1.0512,0.99955,0.11376,0.074645,0.0083398,p0545
1.1686,1.1764,0.1653,0.19076,0.0041063,p0546
1.0019,0.8421,0.14358,0.19102,0.0016349,p0547
0.80625,0.80529,0.18953,0.23626,0.0053399,p0548
0.83018,1.1006,0.13519,0.072097,0.0080491,p0549
0.87223,0.83998,0.17624,0.015578,0.0037552,p0550
0.85639,0.98132,0.18404,0.17075,0.00075229,p0551
1.1873,1.1288,0.15128,0.3035,0.0087458,p0552
1.07,1.1132,0.19913,0.062327,0.0072087,p0553
0.9006,0.82268,0.11759,0.088449,0.001087,p0554
0.86474,1.1304,0.1203,0.059027,0.0022389,p0555
0.91424,1.0749,0.14497,0.07819,0.0038648,p0556
0.94452,0.89767,0.18939,0.24155,0.0038512,p0557
0.91168,1.0988,0.15402,0.037807,0.002262,p0558
1.0926,0.91698,0.12551,0.10538,0.0010316,p0559
1.09,1.1651,0.1413,0.20862,0.00024315,p0560
0.98228,1.1601,0.19188,0.27659,0.0044455,p0561
1.1862,1.186,0.16743,0.14028,0.0046624,p0562
1.0225,0.94994,0.15368,0.24059,0.007967,p0563
1.1081,0.83313,0.14564,0.16077,0.0056785,p0564
1.0488,1.0385,0.16121,0.039979,0.0060052,p0565
0.85501,0.96642,0.10876,0.17747,0.0059812,p0566
0.8996,1.0948,0.14754,0.15965,0.0084172,p0567
1.1914,1.0422,0.10215,0.19489,0.0069241,p0568
0.82369,0.85781,0.19093,0.0091657,0.0083897,p0569
1.0998,1.1485,0.15731,0.18639,0.0076193,p0570
1.03,1.1541,0.1147,0.2365,0.00062261,p0571
1.0474,0.9516,0.18857,0.23466,0.00096876,p0572
1.0711,0.9819,0.19382,0.16359,0.0038321,p0573
1.0534,1.1558,0.17753,0.014624,0.006832,p0574
1.0289,1.0478,0.15434,0.10066,0.005217,p0575
0.82971,1.0747,0.10416,0.095747,0.0073633,p0576
1.1084,1.1339,0.16442,0.017416,0.0026362,p0577
1.1206,0.9538,0.15682,0.24387,0.00018332,p0578
0.85729,1.0158,0.16692,0.14113,0.0033143,p0579
0.92943,1.0056,0.11727,0.024049,0.0028678,p0580
0.85986,1.0555,0.15843,0.061462,0.0083241,p0581
1.1378,1.0043,0.1778,0.21078,0.0050369,p0582
0.88815,1.0783,0.11099,0.16309,0.0028876,p0583
1.011,1.1481,0.19411,0.1722,0.0024866,p0584
0.81827,1.049,0.15376,0.26563,0.0066857,p0585
1.199,1.1133,0.13953,0.28361,0.002189,p0586
1.1221,0.96309,0.19803,0.22524,0.006796,p0587
1.1416,0.9096,0.1568,0.19799,0.0049816,p0588
0.98411,0.93764,0.11821,0.22605,0.00071588,p0589
1.04,1.0358,0.15971,0.28457,0.007537,p0590
1.0836,0.845,0.19474,0.16943,0.0031147,p0591
1.1422,1.1261,0.12166,0.19203,0.0036513,p0592
0.8944,0.92113,0.16943,0.21538,0.0018956,p0593
1.0482,1.0934,0.19145,0.1611,0.0046078,p0594
1.1325,0.88468,0.18205,0.25406,0.0086463,p0595
0.96702,0.90135,0.17044,0.12876,0.00061326,p0596
0.93577,1.1561,0.10706,0.20772,0.0032886,p0597
1.1967,0.84407,0.13737,0.22019,0.0059092,p0598
0.97734,1.1834,0.12978,0.10744,0.0032715,p0599
0.96474,1.0037,0.19162,0.0059334,0.0047241,p0600
0.99002,0.93253,0.19882,0.17295,0.0023037,p0601
1.0687,1.148,0.15197,0.071559,0.0068394,p0602
0.86517,1.0557,0.14238,0.17144,0.0060676,p0603
1.1273,0.86184,0.14993,0.144,0.00068857,p0604
0.99224,1.1532,0.10869,0.27292,0.0082232,p0605
1.1268,1.1654,0.17143,0.10847,0.0017798,p0606
1.0756,0.8941,0.17971,0.19584,0.00060195,p0607
1.0888,0.91433,0.17242,0.29909,0.0068979,p0608
1.0129,0.94717,0.19608,0.17847,0.0078848,p0609
1.048,0.86657,0.19247,0.25919,0.00334,p0610
0.92038,1.0999,0.13547,0.26832,0.0079441,p0611
0.80192,1.1008,0.15049,0.098765,0.0051884,p0612
1.0266,0.87761,0.17768,0.095164,0.0064156,p0613
1.0256,0.85475,0.15479,0.13517,0.00752,p0614
1.1815,1.1402,0.10669,0.085839,0.0046691,p0615
1.0841,1.1038,0.13838,0.22943,0.0070948,p0616
0.81696,1.0598,0.1817,0.096652,0.0037771,p0617
1.0538,1.1313,0.16314,0.07184,0.0078559,p0618
0.84331,0.88602,0.10757,0.12812,0.0048279,p0619
1.0528,1.1946,0.13572,0.12204,0.0033711,p0620
0.98466,0.87029,0.13319,0.29445,0.0020186,p0621
1.0519,1.0761,0.11204,0.020807,0.0088081,p0622
1.1604,1.1094,0.10939,0.23312,0.0019858,p0623
0.85279,1.1869,0.17596,0.0044364,0.0031819,p0624
0.98642,1.1991,0.10286,0.28747,0.0024021,p0625
0.905,1.1793,0.10187,0.28526,0.0051697,p0626
1.1245,0.85563,0.1904,0.12502,0.0018785,p0627
0.83295,1.0452,0.13666,0.0474,0.0027908,p0628
0.88968,1.0753,0.1984,0.033543,0.0079972,p0629
0.85348,1.0574,0.15693,0.22739,0.0010758,p0630
0.97276,1.1904,0.16079,0.15923,0.0050215,p0631
0.9965,1.0189,0.11631,0.23419,0.00055473,p0632
0.88245,1.0429,0.1025,0.060976,0.0013015,p0633
1.1219,1.1595,0.12376,0.038777,0.0064452,p0634
0.93619,1.177,0.16037,0.26685,0.0088452,p0635
1.1763,1.0271,0.19498,0.29142,0.0017193,p0636
0.93727,0.83363,0.14872,0.14878,0.0079101,p0637
1.0219,1.1271,0.13647,0.057503,0.0021561,p0638
0.81006,1.1309,0.11137,0.3031,0.0045155,p0639
0.93355,0.81356,0.12358,0.034128,0.0050084,p0640
0.96267,1.1245,0.14771,0.15574,0.0054879,p0641
1.0917,0.97987,0.19005,0.26522,0.0032567,p0642
0.84202,0.86702,0.18379,0.084103,0.00536,p0643
1.0032,0.85849,0.14626,0.054982,0.0086307,p0644
1.0444,0.94825,0.15311,0.039646,0.0016073,p0645
1.101,0.91962,0.18564,0.12242,0.0011271,p0646
0.91632,0.87061,0.10107,0.20085,0.0042419,p0647
1.1234,0.8646,0.1174,0.060561,0.0080759,p0648
0.99294,1.0541,0.16321,0.14307,0.00065594,p0649
1.0469,1.1233,0.16088,0.1603,0.00053066,p0650
0.9877,0.83513,0.17734,0.027042,0.0067065,p0651
1.0996,1.044,0.19377,0.058419,0.00014604,p0652
0.97586,0.82962,0.14101,0.27137,0.0076724,p0653
0.92131,0.94923,0.10688,0.08441,0.0012095,p0654
1.0749,0.9743,0.10005,0.19336,0.0079614,p0655
1.1596,0.94436,0.16142,0.17345,0.0016634,p0656
0.83924,0.91321,0.11264,0.30189,0.0016942,p0657
1.058,1.1612,0.19731,0.11051,0.0065422,p0658
1.1248,1.1531,0.12667,0.097721,0.003203,p0659
0.97957,0.87421,0.13112,0.1283,0.0017131,p0660
1.133,1.1843,0.10233,0.25056,0.0077144,p0661
0.83487,1.0793,0.17107,0.24188,0.0077383,p0662
0.97105,1.0061,0.19933,0.029661,0.0011788,p0663
0.97968,0.98676,0.10339,0.15239,0.0020825,p0664
0.95149,0.97625,0.12868,0.2645,0.00084757,p0665
1.027,0.91021,0.18125,0.10014,0.0059524,p0666
0.98833,0.92124,0.16598,0.23984,0.0064816,p0667
1.1792,0.81475,0.12489,0.10502,0.0074444,p0668
1.1074,1.0007,0.16099,0.22474,0.0035635,p0669
1.1462,1.0708,0.14584,0.11583,0.0051123,p0670
0.93501,0.98253,0.11407,0.086632,0.0061634,p0671
0.84812,0.87544,0.14675,0.10657,0.0025629,p0672
1.0982,0.99963,0.15922,0.053994,0.0020359,p0673
0.99181,1.1928,0.16496,0.02956,0.0078495,p0674
1.1006,0.8713,0.18342,0.30387,0.0045219,p0675
0.96965,0.98595,0.19743,0.104,0.00064749,p0676
0.88775,0.91222,0.17081,0.12012,0.0012966,p0677
1.0569,1.1016,0.15907,0.019963,0.0044712,p0678
0.88727,0.87351,0.14394,0.089887,0.00080033,p0679
1.1548,1.0467,0.1369,0.0172,0.0061124,p0680
1.1383,0.90686,0.16757,0.05783,0.0013674,p0681
0.9462,0.95013,0.12112,0.2289,0.00059237,p0682
0.96648,1.0275,0.10437,0.052734,0.0034414,p0683
1.172,1.13,0.15091,0.25621,0.0015676,p0684
1.1489,1.0679,0.14166,0.1822,0.0056592,p0685
1.0931,1.0215,0.14539,0.10792,0.0085154,p0686
0.93063,1.0389,0.14296,0.3012,0.0069765,p0687
0.92795,1.0601,0.15224,0.063767,0.006701,p0688
1.1626,0.84525,0.18558,0.20932,0.0074184,p0689
0.88323,0.85625,0.11907,0.22146,0.0049717,p0690
0.90462,1.0627,0.119,0.27677,0.0037025,p0691
1.1893,0.86898,0.15894,0.1755,0.0028767,p0692
0.98864,0.97281,0.17414,0.012675,0.0025434,p0693
0.92418,0.97596,0.17428,0.05651,0.0084761,p0694
0.99803,0.89549,0.10814,0.049504,0.0082417,p0695
1.1304,0.8642,0.17003,0.28309,0.0029413,p0696
0.97314,0.93819,0.11347,0.19854,0.0016622,p0697
1.0524,0.99606,0.10457,0.25834,0.0073911,p0698
0.91678,0.89475,0.11652,0.058646,0.0020262,p0699
1.1404,1.1964,0.14853,0.10159,0.0011886,p0700
0.96213,0.97955,0.10043,0.095449,0.00088321,p0701
1.0292,0.96492,0.15011,0.27227,0.0089082,p0702
0.8761,0.95176,0.18175,0.13363,0.0035718,p0703
0.95766,0.92611,0.15137,0.17625,0.0063177,p0704
1.188,0.99014,0.12692,0.1404,0.0057231,p0705
0.96899,0.92971,0.12022,0.29046,0.0052495,p0706
1.0509,1.1229,0.16219,0.19731,0.0061476,p0707
1.173,1.1069,0.11244,0.22781,0.0076818,p0708
1.0854,0.883,0.11507,0.27208,0.0033269,p0709
0.90262,1.0205,0.15573,0.078304,0.0026014,p0710
0.94258,0.98208,0.15337,0.21297,0.0061204,p0711
0.88232,0.96432,0.12065,0.29576,0.0010815,p0712
0.99982,0.99382,0.16154,0.15395,0.0011998,p0713
1.02,1.0612,0.16349,0.17799,0.0072278,p0714
1.1703,0.99843,0.11179,0.045687,0.0057961,p0715
1.1021,1.055,0.10808,0.2522,0.0086794,p0716
1.0695,1.0507,0.15421,0.25719,0.0078919,p0717
1.003,0.95622,0.11434,0.030483,0.0040665,p0718
0.86255,0.81065,0.17582,0.10706,0.008408,p0719
1.0452,1.0485,0.11146,0.036018,0.0040193,p0720
0.85435,0.99558,0.1099,0.21857,0.0064058,p0721
0.97136,1.1216,0.18338,0.18156,0.0026186,p0722
1.1871,0.81546,0.12807,0.073538,0.00078221,p0723
0.80331,1.1283,0.14738,0.15557,0.00027651,p0724
1.1925,0.93983,0.17553,0.02368,0.0044627,p0725
1.1054,0.86638,0.11106,0.031398,0.0038187,p0726
0.86168,1.0806,0.15605,0.046961,0.0054851,p0727
0.90317,1.0245,0.16518,0.24746,0.0043879,p0728
1.1043,0.88399,0.11321,0.081766,0.00081648,p0729
1.1191,0.84015,0.19669,0.19791,0.0010576,p0730
0.93215,1.0051,0.13759,0.15099,0.0053235,p0731
0.86786,0.89719,0.16652,0.21863,0.0026788,p0732
1.1803,0.80096,0.17503,0.23812,0.0086198,p0733
1.0541,1.0903,0.1677,0.28868,0.0011155,p0734
0.85864,1.0636,0.11161,0.0069141,0.0053963,p0735
0.96428,1.0102,0.17652,0.27641,0.0048562,p0736
0.82255,0.91315,0.16277,0.27481,0.0078111,p0737
0.99067,1.0321,0.11446,0.2573,0.0074813,p0738
0.91208,1.0731,0.12157,0.13855,0.0024785,p0739
0.84092,1.0643,0.19157,0.18673,0.0045,p0740
1.1797,1.1675,0.15835,0.18431,0.0035879,p0741
1.1469,0.89497,0.10034,0.10337,0.0045372,p0742
1.1276,0.83651,0.15299,0.082981,0.0044895,p0743
0.90974,0.82826,0.17238,0.057916,0.0066128,p0744
0.80121,0.80204,0.1436,0.021842,0.0078714,p0745
0.9738,0.96466,0.15873,0.059724,0.0079338,p0746
1.0323,1.1264,0.13901,0.16396,0.0021215,p0747
1.0086,0.88534,0.10766,0.091607,0.0010672,p0748
0.80015,0.90028,0.13567,0.048045,0.0088171,p0749
1.1196,0.91804,0.13073,0.1038,0.0068852,p0750
0.87034,0.97271,0.14649,0.26173,0.0046538,p0751
0.97229,0.91625,0.17408,0.13059,0.0081072,p0752
0.89836,1.0652,0.19674,0.187,0.0071509,p0753
1.1192,1.1744,0.11605,0.23592,0.0075944,p0754
0.92473,0.83167,0.11922,0.11532,0.0047188,p0755
1.1391,1.1679,0.14892,0.052408,0.0024541,p0756
1.1125,1.063,0.11027,0.008227,0.0075758,p0757
0.9768,0.83139,0.15175,0.30263,0.0044364,p0758
0.84131,1.0908,0.15637,0.24897,0.0053997,p0759
0.97533,0.89676,0.18997,0.3045,0.0089432,p0760
1.0443,1.0692,0.19134,0.053685,0.00026366,p0761
0.92525,1.0811,0.12568,0.061969,0.0011421,p0762
0.84605,0.87208,0.10304,0.17086,0.0055832,p0763
0.83328,0.98951,0.14813,0.20544,0.0021167,p0764
1.0654,1.0536,0.1984,0.094163,0.0076339,p0765
1.0248,0.84453,0.19357,0.10993,0.00050184,p0766
0.83234,0.88562,0.11857,0.035635,0.0017078,p0767
1.1521,0.82706,0.12009,0.086249,0.0026734,p0768
1.1586,1.0513,0.18942,0.079351,0.00093157,p0769
1.1393,1.0848,0.13966,0.081272,0.0057679,p0770
0.88287,1.1109,0.13881,0.011597,0.0054742,p0771
0.81508,1.1327,0.13809,0.22313,0.0044757,p0772
0.98132,0.82399,0.15022,0.13452,0.0077977,p0773
1.1371,1.086,0.16767,0.01943,0.00090479,p0774
1.1938,1.0242,0.18007,0.088293,0.008257,p0775
1.1176,1.1073,0.16112,0.21636,0.0086685,p0776
1.0868,1.0186,0.14188,0.090797,0.0013789,p0777
0.87395,0.85521,0.19312,0.21272,0.005193,p0778
1.1288,1.0672,0.13787,0.16347,0.0033197,p0779
1.0052,0.9479,0.1535,0.051298,0.0060772,p0780
1.1919,0.84362,0.141,0.30159,0.0028451,p0781
1.1903,1.1715,0.13212,0.045946,0.0039841,p0782
0.9568,0.89311,0.17663,0.042424,0.0027382,p0783
1.1387,1.0501,0.18763,0.080897,0.0026144,p0784
1.0597,0.90112,0.18986,0.12103,0.0011667,p0785
0.83812,1.1719,0.10376,0.20446,0.00027528,p0786
0.81902,1.1743,0.10325,0.067951,0.0038909,p0787
0.84944,0.98538,0.1186,0.27085,0.0049982,p0788
1.0141,1.1364,0.12013,0.16099,0.004216,p0789
1.0626,0.9834,0.14329,0.19416,0.0065901,p0790
1.0278,0.87474,0.16896,0.14129,0.0036264,p0791
0.87435,1.0364,0.18231,0.028082,0.0077477,p0792
1.0558,1.003,0.18754,0.13958,0.0065335,p0793
1.1824,0.83854,0.1576,0.085179,0.00038703,p0794
0.92255,0.90894,0.11042,0.10263,0.0083675,p0795
0.91863,1.1013,0.18737,0.26969,0.0024291,p0796
1.1986,0.98988,0.10559,0.25955,0.00053599,p0797
1.1826,0.99124,0.1129,0.23934,0.0073773,p0798
1.1481,1.1256,0.12128,0.18003,0.0025325,p0799
0.89525,0.9106,0.12366,0.084026,0.0049302,p0800
0.87446,1.1641,0.1882,0.077412,0.0061382,p0801
1.081,1.1977,0.18744,0.29078,0.0065474,p0802
1.1501,1.1709,0.17363,0.26515,0.0043252,p0803
0.81854,1.1431,0.1158,0.22387,0.0005687,p0804
0.84054,0.81711,0.17064,0.29685,0.0077675,p0805
0.83872,0.83275,0.12622,0.23103,0.0030042,p0806
0.93826,0.87562,0.1426,0.020633,0.0076201,p0807
1.1681,0.89173,0.14791,0.25467,0.004189,p0808
0.9581,1.0536,0.1744,0.12314,0.0042868,p0809
1.1174,1.176,0.1301,0.26137,0.0040375,p0810
0.85955,1.1995,0.12999,0.041493,0.0084898,p0811
0.84975,0.81153,0.13159,0.084735,0.0010405,p0812
1.0948,0.97756,0.1442,0.274,0.0071394,p0813
1.0204,1.0235,0.16167,0.0091379,0.0029803,p0814
0.91761,1.0906,0.17878,0.11952,0.0077048,p0815
1.179,1.1025,0.12983,0.13623,0.0025256,p0816
1.1059,1.1125,0.12312,0.27358,0.0045903,p0817
0.97621,0.8095,0.13716,0.16723,0.0038139,p0818
1.1272,0.92386,0.18499,0.28819,0.0089238,p0819
1.0188,1.1646,0.17811,0.066946,0.00032609,p0820
1.105,0.95759,0.19215,0.097816,0.0075096,p0821
0.83091,0.8636,0.16822,0.06912,0.0040031,p0822
0.84013,0.82186,0.19571,0.068684,0.0023497,p0823
0.89373,1.1838,0.12508,0.087112,0.005158,p0824
0.82556,0.85947,0.1223,0.17659,0.0033849,p0825
1.0605,1.0788,0.12247,0.10587,0.002516,p0826
0.85383,0.99714,0.12331,0.090686,0.0076544,p0827
1.107,1.0595,0.10582,0.11318,0.0048123,p0828
0.88026,0.93095,0.16226,0.066514,0.0028951,p0829
1.1776,1.1433,0.12763,0.15603,0.0035058,p0830
1.1398,0.8309,0.16557,0.29719,0.0066929,p0831
0.9054,0.87977,0.18845,0.26109,0.0070368,p0832
0.98912,1.1597,0.16915,0.0048077,0.0038019,p0833
0.86849,0.80308,0.15325,0.10311,0.0011023,p0834
1.1842,1.0319,0.19508,0.1043,0.0056446,p0835
1.062,1.0307,0.13995,0.14072,0.0029154,p0836
0.9954,0.80275,0.12403,0.048695,0.0050549,p0837
0.96334,0.90045,0.10095,0.17513,0.0047368,p0838
1.0812,1.1888,0.1278,0.038381,0.0062693,p0839
1.0753,0.96984,0.10789,0.02033,0.0028141,p0840
1.0426,1.0107,0.10519,0.18905,0.0050617,p0841
0.97449,1.1204,0.13176,0.12755,0.0087695,p0842
1.126,0.99666,0.14437,0.032376,0.0072999,p0843
0.95178,0.91365,0.17994,0.06547,0.0084396,p0844
1.0905,1.0716,0.13921,0.23324,0.00012118,p0845
0.86553,1.1407,0.10824,0.08272,0.0025804,p0846
0.881,1.1823,0.18411,0.1161,0.0004734,p0847
1.1677,0.84561,0.10137,0.11807,0.0073252,p0848
1.0716,1.0223,0.1767,0.094048,0.0089565,p0849
1.1068,1.0469,0.10354,0.059448,0.0041592,p0850
1.0911,1.1331,0.15501,0.076684,0.00080906,p0851
1.1667,1.0075,0.16059,0.22084,0.00426,p0852
0.88939,1.0265,0.167,0.094975,0.0068028,p0853
0.98022,0.85248,0.19632,0.14621,0.0015796,p0854
0.91293,1.0854,0.17301,0.11233,0.00074279,p0855
0.90762,0.81606,0.18488,0.18965,0.001011,p0856
1.0358,1.0609,0.12923,0.175,0.0071606,p0857
0.86283,0.92338,0.12189,0.24847,0.0072401,p0858
0.80587,1.0032,0.13269,0.20405,0.0089467,p0859
1.0102,0.98876,0.13705,0.30443,0.0013773,p0860
0.97894,1.0248,0.11302,0.022521,0.0056185,p0861
1.0123,1.1241,0.14808,0.24463,0.001135,p0862
1.0381,0.86088,0.10461,0.071095,0.0023765,p0863
1.1849,1.1353,0.12656,0.28584,0.0082107,p0864
0.83438,0.99281,0.14518,0.11696,0.0072178,p0865
0.88629,0.84065,0.18667,0.27562,0.0023668,p0866
1.0636,1.1226,0.15804,0.087795,0.0088298,p0867
0.92726,0.969,0.11128,0.090392,0.0055497,p0868
0.94881,1.0216,0.19332,0.046168,0.0038993,p0869
1.0566,0.9178,0.16931,0.26813,0.0085422,p0870
1.0415,0.82301,0.18622,0.12654,0.0028013,p0871
1.106,0.81992,0.19527,0.013989,0.0013083,p0872
0.82179,0.82136,0.14609,0.20989,0.0030288,p0873
1.0877,1.0448,0.18541,0.1874,0.0084613,p0874
1.1907,1.0816,0.17528,0.3004,0.0069853,p0875
0.93418,0.86547,0.10389,0.10995,0.00097832,p0876
1.0554,0.94219,0.18227,0.21667,0.007068,p0877
0.94381,1.0115,0.16687,0.11404,0.0043025,p0878
0.86922,1.1578,0.13779,0.14757,0.0031501,p0879
0.94996,1.1849,0.17479,0.038646,0.0043368,p0880
0.80094,0.81562,0.18576,0.035094,0.0055953,p0881
1.1287,1.114,0.16901,0.14433,0.0065688,p0882
1.0729,1.1731,0.19275,0.18135,0.0048781,p0883
0.96158,0.80693,0.14016,0.21821,0.0072882,p0884
1.0826,0.94158,0.13239,0.076137,0.0053153,p0885
1.1405,1.0728,0.16711,0.017795,0.00087866,p0886
0.96773,0.81256,0.11782,0.25997,0.0061996,p0887
0.91723,1.1686,0.12514,0.16865,0.0076928,p0888
0.95962,1.0129,0.1305,0.26079,0.0089767,p0889
0.94196,0.94672,0.17839,0.0063892,0.0075282,p0890
0.94936,0.92191,0.12944,0.19828,0.0069412,p0891
1.1334,1.1294,0.13527,0.16474,0.0043929,p0892
1.1201,1.1237,0.14401,0.19264,0.0033672,p0893
1.0361,0.87487,0.12605,0.24114,0.0043774,p0894
0.85169,1.1957,0.14036,0.20179,0.0079919,p0895
1.1035,1.0086,0.17896,0.14843,0.00071184,p0896
0.96002,1.1067,0.19681,0.14534,0.0077319,p0897
0.95288,0.89147,0.171,0.073914,0.0016503,p0898
0.87166,1.1166,0.11596,0.1011,0.0089314,p0899
1.0661,1.0416,0.10243,0.1547,0.0013231,p0900
1.0881,0.96026,0.12886,0.13163,0.0067569,p0901
1.0106,0.80503,0.13821,0.28778,0.0014527,p0902
1.0744,0.87303,0.15664,0.19974,0.003111,p0903
1.1689,0.91523,0.19106,0.23548,0.0072646,p0904
1.1976,1.1508,0.15829,0.15045,0.0056903,p0905
0.9134,1.1392,0.1735,0.18606,0.00012764,p0906
1.0463,0.88839,0.1882,0.17365,0.0020642,p0907
0.90606,1.1702,0.17256,0.074528,0.0035417,p0908
1.0738,1.0002,0.16042,0.22212,0.0088808,p0909
0.92235,0.93323,0.17609,0.0035174,0.00051392,p0910
1.096,1.0132,0.16108,0.035654,0.0047812,p0911
1.1359,0.8683,0.19066,0.14606,0.0044486,p0912
1.0973,0.95988,0.11879,0.098358,0.0056327,p0913
1.0221,1.0278,0.18263,0.20368,0.0045329,p0914
1.1316,0.82892,0.13135,0.2631,0.0045447,p0915
1.0499,0.99519,0.10446,0.12528,0.0018635,p0916
1.1554,1.1083,0.16538,0.2924,0.0066516,p0917
0.82014,0.93582,0.15789,0.1675,0.0066226,p0918
0.81463,0.94488,0.11229,0.20633,0.0013937,p0919
0.82462,1.0408,0.11525,0.16252,0.0063307,p0920
0.85233,0.86741,0.14686,0.18812,0.0039972,p0921
0.99903,0.87836,0.11968,0.17138,0.0016755,p0922
0.89676,0.93664,0.13611,0.11193,0.0054988,p0923
0.84668,1.0646,0.15287,0.07543,0.0053711,p0924
0.8756,0.83014,0.19942,0.11658,0.0028362,p0925
1.1661,1.0147,0.19787,0.29368,0.0060871,p0926
0.93871,1.0418,0.13916,0.03207,0.0027938,p0927
1.1733,1.1494,0.18192,0.21744,0.00031368,p0928
1.0743,1.1148,0.15653,0.29627,0.0035952,p0929
1.0113,0.88923,0.14983,0.24138,0.00010006,p0930
0.81738,0.87244,0.14507,0.10048,0.0074532,p0931
1.0921,0.99819,0.19962,0.10941,0.00063284,p0932
1.0726,0.96795,0.17729,0.055683,0.00076005,p0933
0.88535,1.0201,0.10313,0.097068,0.003741,p0934
1.0589,1.0384,0.1101,0.19164,0.0046463,p0935
1.1653,0.89995,0.10909,0.021523,0.0072545,p0936
1.1465,1.0961,0.13815,0.11482,0.006769,p0937
1.0698,1.1725,0.15947,0.22186,0.0039431,p0938
0.9653,0.97672,0.19269,0.27419,0.0036741,p0939
1.0546,0.88505,0.12526,0.26297,0.0011631,p0940
0.86081,1.0286,0.14657,0.26711,0.0060164,p0941
1.1239,1.0742,0.14172,0.0096971,0.0067338,p0942
0.82854,1.112,0.19594,0.27904,0.00017355,p0943
0.80482,0.81505,0.12892,0.12346,0.0010204,p0944
0.87127,0.8473,0.15072,0.19524,0.0012364,p0945
0.98113,0.9389,0.18091,0.21194,0.00043358,p0946
0.9536,0.97847,0.12447,0.036457,0.0054531,p0947
1.0154,0.86766,0.14057,0.22666,0.0039283,p0948
1.0894,0.86997,0.17294,0.23659,0.0015856,p0949
1.0353,0.88758,0.10229,0.12081,0.0041145,p0950
0.98701,0.95282,0.10121,0.23517,0.0042508,p0951
1.1101,0.96337,0.19399,0.20737,0.0050493,p0952
0.90578,1.1356,0.15596,0.10904,0.0060603,p0953
1.1621,0.84291,0.13552,0.11833,0.0023379,p0954
1.0344,0.9078,0.11688,0.21334,0.001914,p0955
1.0491,0.92863,0.16176,0.16783,0.0057976,p0956
1.0666,1.0015,0.10699,0.074047,0.0012564,p0957
1.061,0.9551,0.18449,0.067674,0.0069983,p0958
0.98749,1.1637,0.12584,0.23754,0.0064954,p0959
0.85554,0.81736,0.1412,0.14341,0.00039276,p0960
1.0683,1.0621,0.16723,0.18354,0.0057876,p0961
0.98617,0.80475,0.11368,0.22972,0.0051023,p0962
0.89145,0.86848,0.10173,0.1199,0.0045554,p0963
0.99453,0.87626,0.14765,0.010036,0.0031647,p0964
1.0405,1.0093,0.11796,0.12144,0.0002027,p0965
0.83577,1.1253,0.17969,0.22561,0.0069266,p0966
0.89794,0.88854,0.1363,0.2576,0.0024915,p0967
1.0027,1.037,0.16007,0.099703,0.0061958,p0968
0.82679,0.95591,0.18311,0.25116,0.0023175,p0969
1.183,1.1492,0.1786,0.29292,0.0060459,p0970
1.1113,1.1499,0.14075,0.28116,0.0036416,p0971
1.1165,1.0637,0.11336,0.25818,0.0080838,p0972
0.96958,0.90503,0.1864,0.10465,0.0026257,p0973
1.0302,1.0428,0.15167,0.098517,0.0056021,p0974
1.1111,1.157,0.10995,0.26643,0.0073585,p0975
1.1832,1.1848,0.17638,0.069466,0.0014628,p0976
1.116,1.0047,0.10398,0.17321,0.0058794,p0977
1.1504,1.1952,0.13221,0.23061,0.002303,p0978
0.86011,0.96364,0.19727,0.12918,0.0034992,p0979
0.95046,0.80902,0.15852,0.13674,0.0045781,p0980
0.81102,1.128,0.19259,0.27964,0.0071439,p0981
1.136,0.80968,0.11552,0.029058,0.00092098,p0982
0.97688,1.0768,0.11998,0.22458,0.00051729,p0983
0.86648,0.94731,0.1493,0.024437,0.0064507,p0984
1.1812,1.0379,0.12469,0.060222,0.0053303,p0985
0.99262,0.96629,0.17713,0.055318,0.0018363,p0986
1.0286,1.1289,0.17381,0.19995,0.0059428,p0987
1.1992,0.98491,0.17015,0.20462,0.0066627,p0988
0.91259,0.81014,0.17748,0.26617,0.002173,p0989
0.85093,0.90741,0.17318,0.15759,0.0066027,p0990
0.84528,1.0831,0.14728,0.12393,0.0089165,p0991
0.862,1.1091,0.1645,0.17038,0.0068697,p0992
1.1541,0.9156,0.10593,0.23903,0.0030821,p0993
0.92294,0.88999,0.19297,0.25172,0.0014811,p0994
1.1045,0.91189,0.18719,0.15349,0.0019386,p0995
1.1934,1.1515,0.19707,0.047671,0.0017302,p0996
1.161,0.88419,0.16018,0.15412,0.0085279,p0997
1.0649,0.80076,0.13459,0.29963,0.00035004,p0998
1.1885,1.0972,0.19286,0.16505,0.0051757,p0999
1.016,1.0473,0.18149,0.2899,0.0059697,p1000
