wind_speed,swr,mixing/coef_mix_hyp,light/Kw,par_id
1.0759,1.1162,5.7363e-06,0.60485,p0001
1.1803,0.83408,4.5706e-05,0.39972,p0002
1.1806,0.85678,5.7209e-05,0.63727,p0003
0.98961,0.88619,2.7936e-05,0.54884,p0004
0.8783,0.90694,2.2261e-05,0.56579,p0005
0.90502,0.99539,8.2139e-05,0.49793,p0006
0.90119,0.82813,3.3705e-05,0.47185,p0007
1.131,1.0069,3.0253e-05,0.23522,p0008
0.92352,1.089,5.6461e-05,0.49326,p0009
0.8381,0.88747,6.0505e-05,0.52385,p0010
1.1911,1.1376,4.4704e-05,0.72608,p0011
0.88341,0.83288,7.1233e-05,0.46794,p0012
0.84716,0.89809,6.5044e-05,0.76015,p0013
1.1672,1.143,9.0093e-06,0.26743,p0014
1.0543,1.1577,5.1058e-05,0.27223,p0015
1.0337,1.1885,9.5214e-05,0.41149,p0016
0.97012,0.92646,2.2977e-05,0.61568,p0017
0.98238,0.96077,3.5255e-06,0.69772,p0018
0.87612,1.1626,3.0668e-05,0.432,p0019
0.8278,1.0482,1.7315e-05,0.36742,p0020
0.92593,1.0263,7.1867e-05,0.34045,p0021
0.88673,1.0363,8.2516e-05,0.44265,p0022
0.87321,1.0862,8.8242e-05,0.23358,p0023
1.0276,1.1708,9.0934e-05,0.38405,p0024
1.0334,0.94092,8.9461e-05,0.35479,p0025
1.0663,0.97079,4.0942e-05,0.57628,p0026
0.82819,0.94935,5.182e-05,0.37346,p0027
0.86376,0.81725,4.6847e-06,0.51635,p0028
1.1586,0.98043,7.1154e-05,0.37599,p0029
1.1343,0.96476,6.7728e-05,0.22779,p0030
0.93623,1.0826,6.5221e-05,0.21058,p0031
1.0207,1.0227,9.3957e-05,0.54611,p0032
1.0173,0.91357,9.626e-05,0.40129,p0033
0.99723,1.0959,3.7686e-05,0.7718,p0034
0.87981,1.1072,5.2164e-05,0.7118,p0035
0.83044,0.82193,3.1861e-05,0.70683,p0036
1.1498,1.0314,5.5295e-05,0.40189,p0037
0.91388,1.148,8.8684e-05,0.25921,p0038
0.84424,1.0307,2.7249e-06,0.29445,p0039
0.80336,0.88458,1.3508e-05,0.48729,p0040
0.81023,1.0243,1.1403e-05,0.68143,p0041
1.1952,1.0126,7.6522e-05,0.61403,p0042
0.92144,1.0798,1.1903e-05,0.78262,p0043
0.80659,1.0463,5.6737e-05,0.68523,p0044
0.94216,1.076,3.6577e-05,0.45022,p0045
1.0557,0.8989,8.9329e-05,0.63441,p0046
1.0223,1.187,2.5803e-05,0.7297,p0047
1.0667,0.84699,9.371e-05,0.33373,p0048
1.119,0.87565,5.8266e-05,0.32617,p0049
1.1392,1.098,1.4499e-05,0.76078,p0050
1.0813,0.80767,9.0126e-05,0.64639,p0051
1.0576,0.93322,4.564e-05,0.52116,p0052
1.1411,0.99925,5.8471e-05,0.50602,p0053
1.1939,0.99982,4.355e-05,0.5615,p0054
0.97724,1.1762,6.3406e-05,0.407,p0055
1.0548,0.93558,6.2121e-05,0.73301,p0056
0.96306,0.9713,8.3155e-05,0.73264,p0057
1.1879,0.9183,4.4328e-05,0.77069,p0058
1.0002,0.83905,7.6643e-06,0.46636,p0059
0.81961,0.97481,9.1651e-05,0.32094,p0060
1.1869,0.97401,1.997e-05,0.34724,p0061
0.94296,1.0453,7.9131e-06,0.59214,p0062
1.0802,1.0586,7.1432e-06,0.41964,p0063
0.87197,1.1524,3.1215e-05,0.21016,p0064
0.9174,0.89653,5.9771e-05,0.37802,p0065
0.96785,0.90092,6.5942e-05,0.34579,p0066
0.80041,1.1682,4.6372e-05,0.47017,p0067
0.88318,1.0028,5.8594e-05,0.22518,p0068
1.1482,0.99413,4.6582e-05,0.45181,p0069
0.87861,1.1392,1.6767e-07,0.46554,p0070
1.0375,0.8071,5.9413e-07,0.72499,p0071
1.1684,1.1308,4.5925e-05,0.33737,p0072
1.0181,1.0206,9.8469e-05,0.75706,p0073
0.81911,0.93446,4.5067e-05,0.23568,p0074
1.1441,0.86242,3.3617e-06,0.74694,p0075
0.98851,1.0773,7.4606e-05,0.72212,p0076
1.1176,1.0833,3.1449e-05,0.29332,p0077
1.0321,1.1452,5.6334e-05,0.4619,p0078
1.1349,0.84264,2.2314e-05,0.49968,p0079
1.0648,0.94346,9.3833e-05,0.59714,p0080
1.0105,1.1019,8.6383e-05,0.75221,p0081
1.0235,1.1923,4.971e-05,0.78139,p0082
1.0452,1.0939,6.6604e-05,0.50713,p0083
0.97928,0.99008,1.3949e-05,0.79447,p0084
0.8052,0.91369,1.089e-05,0.62384,p0085
0.97276,1.0877,8.0648e-05,0.22049,p0086
1.1158,0.81949,3.6764e-05,0.44496,p0087
0.82205,1.0088,6.9094e-05,0.33842,p0088
1.1881,1.1006,8.3419e-05,0.21534,p0089
0.87569,1.152,4.1494e-05,0.76861,p0090
1.1962,1.0447,6.346e-05,0.79195,p0091
1.0874,0.98776,3.7952e-05,0.47576,p0092
0.82746,1.0695,7.3801e-06,0.71547,p0093
0.91003,0.83442,1.0634e-05,0.63983,p0094
0.93895,0.8709,2.213e-05,0.62777,p0095
1.0876,0.89538,2.1629e-05,0.54851,p0096
0.86887,1.0026,8.0531e-05,0.56239,p0097
1.1035,0.96803,1.5812e-05,0.71643,p0098
0.88878,0.93591,3.853e-05,0.6265,p0099
1.084,1.0062,7.1458e-05,0.75355,p0100
1.059,0.85353,7.8867e-06,0.42111,p0101
0.89958,1.1238,8.0021e-05,0.21909,p0102
0.95868,0.94146,2.8943e-05,0.70867,p0103
0.80824,0.80727,8.7441e-05,0.60676,p0104
0.96598,0.81458,6.247e-05,0.25976,p0105
0.88392,1.0726,5.5767e-05,0.39586,p0106
0.89093,0.85001,2.3796e-05,0.74515,p0107
1.177,0.95552,1.7613e-05,0.30286,p0108
0.95556,0.9341,7.5529e-05,0.74842,p0109
0.80157,1.0592,5.5046e-05,0.63761,p0110
1.0446,0.80553,8.9839e-06,0.41791,p0111
0.98051,1.0851,8.9164e-05,0.26389,p0112
0.92257,0.9484,5.7786e-05,0.65107,p0113
0.89181,1.1731,4.3783e-05,0.20247,p0114
1.1694,0.93074,6.3138e-06,0.74731,p0115
1.0065,0.98418,7.8325e-05,0.79686,p0116
1.0833,0.82759,6.881e-05,0.71008,p0117
0.86772,1.0564,2.3943e-05,0.31998,p0118
1.0586,0.90892,4.7029e-05,0.7129,p0119
1.0035,0.86469,6.0996e-05,0.23829,p0120
1.05,1.0707,8.1364e-05,0.58574,p0121
1.1097,0.93614,9.9618e-05,0.36817,p0122
0.85007,1.0162,6.063e-05,0.44435,p0123
1.1162,0.94534,6.4199e-06,0.46398,p0124
1.1971,0.93106,8.271e-05,0.78931,p0125
1.0929,0.86335,2.8379e-05,0.43666,p0126
0.92015,1.0894,4.7145e-05,0.71312,p0127
1.1613,0.82674,7.0864e-05,0.22319,p0128
0.91925,0.84533,9.959e-05,0.23078,p0129
1.1156,0.8813,9.9386e-05,0.58317,p0130
1.0241,1.0839,8.339e-05,0.23889,p0131
0.90928,0.89737,9.6865e-05,0.26972,p0132
1.1296,1.0394,9.4071e-05,0.41317,p0133
1.0884,1.1755,5.268e-05,0.57921,p0134
1.1242,1.0282,4.2374e-05,0.62866,p0135
1.1892,0.8897,9.2211e-05,0.48068,p0136
0.90131,0.91627,5.657e-05,0.73802,p0137
0.89987,1.0942,2.3151e-05,0.46467,p0138
0.84036,1.0815,2.422e-05,0.74969,p0139
0.97299,1.1193,8.5585e-05,0.78067,p0140
1.0724,1.1026,5.9091e-05,0.609,p0141
1.0997,0.95796,6.7492e-05,0.6184,p0142
0.94894,0.89395,3.0169e-05,0.64576,p0143
1.0482,0.90851,8.7793e-06,0.52598,p0144
0.834,1.0735,5.1941e-05,0.31765,p0145
1.1978,0.8376,7.8533e-05,0.30779,p0146
0.84442,0.97224,7.2105e-05,0.26228,p0147
0.88168,1.0801,6.3294e-05,0.4222,p0148
1.1502,1.0094,6.1658e-05,0.60133,p0149
0.82419,1.1225,8.3729e-05,0.68999,p0150
0.89339,0.88654,9.7777e-05,0.71224,p0151
1.0806,0.83652,1.4174e-05,0.43912,p0152
1.1217,0.99286,6.1235e-05,0.22101,p0153
1.078,0.99178,6.7063e-05,0.43099,p0154
1.1054,0.89853,9.5796e-05,0.36292,p0155
0.83664,1.1116,5.9681e-05,0.48525,p0156
1.064,0.97531,7.6797e-05,0.48019,p0157
0.88239,0.91877,6.5654e-05,0.77473,p0158
0.97407,1.1958,4.0677e-05,0.35196,p0159
0.88498,1.1978,7.2208e-05,0.36444,p0160
1.0316,1.1285,7.1595e-05,0.42877,p0161
1.1557,0.95069,8.3916e-06,0.36726,p0162
1.0164,0.94162,3.0034e-05,0.53866,p0163
1.1602,0.81219,4.7388e-05,0.65916,p0164
1.1685,1.1503,3.414e-05,0.22598,p0165
1.1824,1.1673,3.8124e-05,0.2449,p0166
0.84933,1.0474,6.6409e-05,0.2163,p0167
0.97397,0.96328,2.1027e-05,0.27829,p0168
0.95128,1.0507,6.2901e-05,0.49666,p0169
1.0732,1.0612,9.2794e-06,0.63627,p0170
1.1361,1.0386,3.3398e-05,0.53215,p0171
1.125,1.0084,7.5848e-05,0.39501,p0172
0.92494,0.93696,2.8591e-05,0.35296,p0173
1.0148,0.95735,3.2262e-05,0.72424,p0174
0.80859,0.86205,9.7341e-05,0.76219,p0175
0.85882,1.0277,9.1355e-05,0.43715,p0176
1.1727,0.91882,1.3956e-06,0.65648,p0177
0.96671,1.0856,1.149e-05,0.79568,p0178
1.1018,0.84766,1.857e-05,0.25776,p0179
0.88747,1.183,9.4803e-05,0.37285,p0180
1.0318,1.0056,1.4059e-05,0.58196,p0181
1.0943,1.1814,8.0243e-05,0.62359,p0182
1.1855,0.98703,5.7253e-05,0.32836,p0183
1.1735,1.0529,9.4123e-05,0.78531,p0184
1.0436,1.1033,6.2826e-05,0.62181,p0185
0.85735,0.93762,8.2723e-05,0.29701,p0186
0.94116,1.02,9.4344e-05,0.42751,p0187
1.0635,0.86628,2.3737e-05,0.74581,p0188
0.8411,1.0718,5.0073e-05,0.70948,p0189
1.0735,0.93293,6.4809e-05,0.33259,p0190
0.88884,0.89777,5.2138e-05,0.6579,p0191
0.82369,0.95831,3.2145e-05,0.34793,p0192
0.93166,1.1091,7.2271e-05,0.65299,p0193
0.9868,1.0604,6.8391e-05,0.35529,p0194
1.0028,1.1758,1.5023e-05,0.5044,p0195
1.121,1.1232,4.2157e-05,0.20062,p0196
1.1369,1.0432,1.9994e-05,0.35603,p0197
1.1387,1.1093,9.3704e-06,0.46642,p0198
0.90649,0.86512,1.5894e-05,0.42982,p0199
0.90689,1.1677,2.9352e-05,0.39888,p0200
0.85178,1.0411,7.0368e-05,0.53672,p0201
0.83228,1.0781,3.7397e-05,0.57986,p0202
1.036,0.86317,4.0431e-05,0.38812,p0203
1.0046,1.0817,8.3892e-05,0.37847,p0204
1.1268,1.1268,3.752e-05,0.38744,p0205
0.85768,0.87314,6.6333e-05,0.32381,p0206
0.85842,1.1934,6.5931e-05,0.6759,p0207
0.92535,0.94969,4.9139e-05,0.29759,p0208
1.1003,0.84828,1.8111e-05,0.37694,p0209
1.0519,0.92398,2.2932e-06,0.4512,p0210
1.1598,1.0982,8.1025e-05,0.38016,p0211
0.81643,0.92734,7.637e-05,0.61788,p0212
1.0774,0.8211,1.9605e-06,0.3341,p0213
1.1748,0.94904,7.2714e-05,0.52338,p0214
1.1566,1.1717,2.0656e-06,0.32962,p0215
0.97835,0.96489,1.9734e-05,0.64433,p0216
0.9936,0.83828,4.3173e-05,0.50399,p0217
1.1915,1.119,9.1127e-05,0.57887,p0218
0.82317,1.0268,4.7927e-05,0.76353,p0219
1.0905,0.86961,9.2116e-05,0.62941,p0220
0.90467,1.1575,9.5137e-05,0.74225,p0221
0.95604,0.92227,4.0484e-05,0.39636,p0222
1.068,0.9319,3.8303e-05,0.45544,p0223
0.93845,1.118,7.4435e-05,0.69145,p0224
1.1224,1.1354,5.1954e-06,0.68051,p0225
1.0219,0.82565,4.8019e-05,0.60806,p0226
0.96016,0.80637,8.9918e-05,0.33463,p0227
0.9171,0.97887,8.3228e-05,0.20911,p0228
0.94464,0.8357,4.9799e-05,0.79019,p0229
0.9112,1.0215,1.9398e-05,0.40668,p0230
1.1293,1.0753,1.0868e-05,0.35364,p0231
0.99237,0.81552,9.4815e-05,0.42977,p0232
0.97604,0.98856,2.5576e-05,0.5709,p0233
1.0451,0.81897,9.0561e-05,0.67082,p0234
0.88569,0.85756,8.5226e-05,0.28832,p0235
1.0007,0.89986,6.0273e-05,0.27939,p0236
0.81232,0.90954,8.7714e-05,0.64874,p0237
0.89862,0.93397,2.612e-05,0.50957,p0238
1.1644,0.99376,3.2284e-06,0.64672,p0239
0.98627,0.90176,5.5953e-05,0.58066,p0240
1.0433,1.1824,5.6098e-05,0.75645,p0241
0.90276,1.1845,4.889e-05,0.44193,p0242
1.1237,0.95014,5.4256e-05,0.68617,p0243
0.82556,1.1548,9.1226e-05,0.43809,p0244
0.99054,0.87401,6.6819e-05,0.64479,p0245
0.84799,0.89186,1.3305e-05,0.3082,p0246
1.0168,1.1787,6.1581e-05,0.65021,p0247
1.039,0.98086,2.6898e-05,0.69045,p0248
0.94859,1.0691,2.3376e-05,0.69858,p0249
0.81871,0.8403,1.7501e-05,0.44917,p0250
0.92479,1.0951,2.7241e-05,0.45475,p0251
0.81249,0.82342,9.5957e-05,0.66096,p0252
1.0237,1.0449,3.7359e-05,0.31084,p0253
0.89206,1.1278,8.3634e-05,0.41726,p0254
0.91874,1.1767,6.2343e-05,0.23225,p0255
1.0966,0.87697,1.8801e-05,0.42471,p0256
1.1465,0.96724,5.8061e-05,0.49839,p0257
0.98536,0.81665,3.1306e-05,0.74397,p0258
1.0913,1.1571,7.9754e-05,0.4079,p0259
1.0744,0.96307,3.4329e-05,0.24078,p0260
0.98095,1.0107,6.5811e-05,0.6362,p0261
0.82348,0.94574,9.2986e-05,0.40295,p0262
0.9634,0.86788,7.2774e-05,0.61312,p0263
1.1925,0.80508,8.653e-05,0.75456,p0264
1.1182,0.86955,9.7882e-05,0.33295,p0265
0.91832,0.98218,3.8652e-05,0.58359,p0266
1.084,0.92459,4.8537e-05,0.20006,p0267
0.99774,0.87219,7.172e-05,0.34981,p0268
1.1843,1.0165,4.6534e-05,0.51149,p0269
1.0736,0.91306,1.0702e-05,0.3654,p0270
0.83267,1.1804,9.6391e-05,0.68329,p0271
1.0248,0.94662,7.3919e-05,0.73611,p0272
1.0298,1.0604,2.1142e-05,0.63386,p0273
0.92935,0.89422,9.8352e-05,0.72028,p0274
0.85969,0.97678,2.5383e-05,0.66919,p0275
1.1247,0.84619,6.9313e-06,0.35881,p0276
0.83496,0.83501,3.4737e-05,0.45802,p0277
1.0691,0.92122,4.2479e-05,0.52774,p0278
0.8824,0.84657,6.823e-05,0.31103,p0279
1.112,1.1041,2.413e-05,0.26091,p0280
1.1712,0.88681,4.2275e-05,0.79717,p0281
1.1637,1.1981,9.316e-05,0.73573,p0282
1.0679,1.0335,8.8375e-05,0.64965,p0283
1.1382,0.82265,9.5411e-05,0.29855,p0284
0.82076,0.92049,5.0017e-05,0.74321,p0285
0.84586,1.1321,8.7826e-05,0.42047,p0286
1.1287,1.1557,5.0488e-05,0.39046,p0287
0.95932,1.1298,7.3059e-05,0.46082,p0288
1.1617,0.96911,4.1974e-05,0.2731,p0289
0.89438,0.94452,2.0285e-05,0.2145,p0290
0.97064,1.0175,3.6207e-05,0.68094,p0291
1.1213,0.99562,5.2977e-05,0.28659,p0292
1.077,1.079,1.4862e-05,0.47729,p0293
0.90035,0.91453,7.2324e-06,0.71793,p0294
1.1775,1.1475,4.2573e-05,0.22454,p0295
0.93753,0.95275,2.134e-05,0.49913,p0296
0.92684,1.0923,2.5103e-05,0.47868,p0297
1.0848,1.1855,3.2662e-05,0.73925,p0298
0.96049,0.82857,7.5024e-05,0.75803,p0299
0.94763,0.87869,9.0388e-05,0.48356,p0300
1.1084,0.89714,6.9192e-05,0.25659,p0301
0.91303,1.0374,8.0433e-05,0.58844,p0302
0.89532,0.93671,2.6695e-05,0.41935,p0303
0.82027,0.87182,3.5495e-05,0.39778,p0304
0.83696,0.89617,7.2974e-05,0.7949,p0305
0.86814,0.86802,1.5101e-05,0.59299,p0306
0.91358,1.0973,9.2107e-05,0.63288,p0307
0.93823,0.85309,6.4975e-05,0.24615,p0308
0.80713,0.89067,5.8662e-05,0.68572,p0309
0.92048,1.0152,7.076e-06,0.4812,p0310
0.81751,1.0169,8.7207e-05,0.44979,p0311
0.86351,0.83073,2.8727e-05,0.44087,p0312
0.86258,1.1648,5.5894e-05,0.64141,p0313
1.1527,0.80421,3.6399e-05,0.51971,p0314
1.0711,0.8058,9.4931e-05,0.50092,p0315
1.0784,0.82917,1.6772e-05,0.75075,p0316
0.80305,0.98947,2.2764e-05,0.44896,p0317
1.185,1.075,2.4642e-05,0.24435,p0318
1.1995,1.1584,8.6716e-06,0.38949,p0319
1.0501,1.1971,6.5064e-06,0.25616,p0320
0.80766,0.92877,3.6559e-05,0.59771,p0321
1.053,0.97449,9.6979e-05,0.59785,p0322
0.80426,0.81638,1.2944e-05,0.58436,p0323
1.1434,1.0157,6.6126e-05,0.7586,p0324
1.1166,0.85096,5.3504e-05,0.54343,p0325
1.008,1.057,8.5378e-07,0.30405,p0326
1.1628,1.0255,3.4533e-06,0.30333,p0327
1.0022,0.85992,7.4255e-05,0.26914,p0328
1.1719,0.88016,4.0099e-05,0.22651,p0329
1.0617,0.84733,3.0981e-05,0.43406,p0330
0.93589,1.0668,5.4936e-05,0.24878,p0331
1.123,1.0019,2.0853e-05,0.66534,p0332
0.95271,1.1654,4.9007e-06,0.72829,p0333
0.91083,1.0784,9.1822e-05,0.60542,p0334
1.0871,1.1711,4.2894e-06,0.20612,p0335
1.1529,0.93127,9.0916e-06,0.32059,p0336
0.88087,1.0917,3.1596e-05,0.6124,p0337
1.1046,0.82126,6.5509e-05,0.35715,p0338
0.92301,0.88936,4.862e-05,0.45204,p0339
0.99146,0.91187,7.5122e-06,0.68883,p0340
1.0549,1.0669,2.3431e-05,0.5515,p0341
0.96534,1.0738,7.5798e-05,0.44763,p0342
1.0886,1.1976,9.2683e-05,0.24332,p0343
1.0054,0.98462,5.5659e-06,0.31575,p0344
0.86514,0.9826,1.1313e-05,0.74024,p0345
1.0486,1.122,2.0402e-05,0.77532,p0346
1.1818,1.0404,3.676e-05,0.31608,p0347
0.93986,0.87387,6.0723e-05,0.25079,p0348
0.80468,1.1121,9.6637e-05,0.33931,p0349
0.84962,1.1806,9.5692e-05,0.53825,p0350
1.0951,0.81241,7.9915e-05,0.73118,p0351
0.86746,1.1811,1.0993e-06,0.29483,p0352
1.1356,1.1337,5.3436e-05,0.28322,p0353
1.046,1.0552,2.5883e-05,0.4904,p0354
0.92886,0.85555,8.2305e-05,0.77588,p0355
1.0506,1.0673,9.7661e-05,0.56762,p0356
0.83192,1.1044,5.6351e-05,0.38314,p0357
1.0442,1.185,5.0345e-05,0.37948,p0358
0.94196,0.85888,1.1996e-05,0.32245,p0359
1.0343,0.90838,2.7e-05,0.3513,p0360
0.92663,0.83201,7.4661e-05,0.2798,p0361
0.89886,1.0001,1.3088e-05,0.71957,p0362
0.93443,0.92717,8.4165e-05,0.52088,p0363
1.1989,1.1211,9.9719e-06,0.79113,p0364
1.0614,1.0057,7.8834e-05,0.394,p0365
0.94435,1.0747,7.6164e-05,0.61634,p0366
0.98303,1.1774,7.9036e-05,0.55266,p0367
1.0493,1.0701,9.2546e-05,0.25258,p0368
1.1492,0.96961,9.7884e-06,0.63103,p0369
1.148,1.1513,5.522e-05,0.31018,p0370
1.0397,0.87024,5.4518e-05,0.58752,p0371
1.0063,0.84396,3.0919e-05,0.21735,p0372
0.80942,0.85386,1.0364e-05,0.59068,p0373
0.89755,1.0097,4.4284e-06,0.52248,p0374
0.88823,0.85696,4.1029e-05,0.48415,p0375
1.0402,0.89458,4.3014e-05,0.44,p0376
0.9986,0.90037,8.3002e-05,0.21365,p0377
1.0676,1.1142,1.6268e-05,0.67943,p0378
1.0225,0.82773,9.9444e-05,0.56915,p0379
1.085,0.92169,2.8327e-05,0.50522,p0380
0.9944,0.93481,6.185e-05,0.40354,p0381
1.0329,0.89951,5.4631e-05,0.21837,p0382
1.1544,0.84219,6.9528e-05,0.31253,p0383
1.1336,1.1833,9.1774e-05,0.7861,p0384
1.1791,1.0089,7.6313e-05,0.75793,p0385
0.96932,1.0323,5.3083e-05,0.48266,p0386
0.95996,1.1736,4.6704e-05,0.5724,p0387
0.99464,1.14,2.441e-05,0.2999,p0388
1.1107,0.86734,1.57e-05,0.59926,p0389
0.83025,0.82712,4.1869e-05,0.72356,p0390
0.95461,1.1668,3.9559e-05,0.34439,p0391
1.1783,1.2,9.3347e-05,0.4683,p0392
1.1918,0.94822,2.9094e-05,0.79994,p0393
1.1785,0.87965,7.9554e-05,0.71739,p0394
0.81685,0.86422,1.7922e-05,0.78016,p0395
1.1487,0.82042,2.573e-06,0.7734,p0396
0.909,1.0477,2.0928e-05,0.24735,p0397
0.87062,1.1694,4.8655e-05,0.55028,p0398
0.81923,1.0576,4.9935e-05,0.3757,p0399
1.1798,0.8545,2.63e-05,0.64918,p0400
0.8485,1.0518,8.976e-05,0.52655,p0401
0.87013,1.174,1.3688e-05,0.64335,p0402
0.85256,0.8045,6.831e-05,0.3292,p0403
0.89281,1.0388,7.7987e-05,0.77383,p0404
0.94989,1.0222,6.066e-06,0.59126,p0405
1.0532,0.94319,9.8274e-05,0.48902,p0406
1.1303,1.162,5.5696e-05,0.71886,p0407
1.0029,1.1001,1.4677e-05,0.40021,p0408
1.0539,1.0987,7.239e-05,0.50053,p0409
1.1549,0.85794,4.1163e-05,0.32744,p0410
1.089,0.95929,6.7809e-05,0.37092,p0411
1.1758,1.167,5.2559e-05,0.54214,p0412
1.0135,1.0874,5.1229e-05,0.71701,p0413
1.1572,1.1962,1.2581e-05,0.56857,p0414
1.0193,0.83018,7.8677e-05,0.37912,p0415
1.1198,1.1746,8.6641e-05,0.70517,p0416
1.0956,0.99272,6.4654e-05,0.20671,p0417
0.95029,1.1405,7.0232e-05,0.70602,p0418
0.87306,0.81308,3.6158e-05,0.54474,p0419
0.82974,1.0591,3.9213e-06,0.49578,p0420
1.0584,0.93914,4.7766e-05,0.7662,p0421
1.1575,0.97705,9.4413e-05,0.25577,p0422
1.0423,1.1609,3.0675e-05,0.78812,p0423
0.8104,1.087,1.874e-06,0.54147,p0424
1.0595,0.86371,9.9983e-05,0.51424,p0425
1.0044,1.0365,4.6943e-05,0.23384,p0426
1.1957,1.0103,4.8167e-05,0.20781,p0427
0.85557,1.1075,6.3676e-05,0.46905,p0428
0.89033,1.0216,6.1249e-06,0.67249,p0429
1.0945,1.0935,2.8156e-05,0.22365,p0430
1.0356,1.0293,9.3507e-05,0.66256,p0431
1.1015,1.1779,2.5249e-05,0.43873,p0432
1.1103,0.92799,1.4275e-05,0.55713,p0433
1.0036,0.9817,7.666e-05,0.45336,p0434
0.92631,1.1476,2.1226e-05,0.46962,p0435
1.1664,0.93867,6.2327e-05,0.49163,p0436
1.0281,1.1423,8.5033e-05,0.77696,p0437
1.0108,0.94504,8.8011e-05,0.54032,p0438
0.95513,0.87626,2.1382e-05,0.26488,p0439
1.0349,0.92333,6.3195e-05,0.73341,p0440
0.81149,1.011,6.7549e-05,0.58792,p0441
0.84601,1.1065,2.0679e-05,0.34143,p0442
1.0365,0.80116,3.4896e-05,0.2817,p0443
1.0781,0.89331,9.154e-05,0.6702,p0444
0.81169,0.98316,7.7421e-05,0.37025,p0445
0.80906,1.1791,2.9599e-05,0.71426,p0446
0.98783,1.0012,8.7335e-05,0.63172,p0447
0.99981,0.89281,3.5941e-05,0.53578,p0448
0.84242,1.1884,5.1635e-05,0.26247,p0449
1.1031,1.1145,9.9724e-05,0.43261,p0450
1.0956,1.0543,8.6837e-05,0.57606,p0451
1.1264,1.1911,2.9821e-05,0.3712,p0452
0.92168,1.1452,7.5155e-05,0.76764,p0453
0.9162,0.98758,1.2687e-05,0.40535,p0454
0.88466,1.0186,7.4821e-05,0.47473,p0455
0.85323,0.87732,6.6062e-06,0.36041,p0456
1.1277,0.81485,7.939e-05,0.56275,p0457
1.1221,0.8705,5.2914e-05,0.23146,p0458
0.85142,0.94236,5.3893e-05,0.60604,p0459
0.82128,1.1646,7.8202e-05,0.49264,p0460
1.0176,0.94609,6.2991e-05,0.41046,p0461
1.0789,1.1861,4.6141e-07,0.70056,p0462
0.95205,1.1555,6.3945e-05,0.72674,p0463
1.0384,0.91552,2.131e-06,0.51725,p0464
1.001,0.82026,7.7573e-05,0.38547,p0465
1.0466,0.86007,7.3736e-05,0.76908,p0466
1.1904,1.0634,4.0856e-05,0.60698,p0467
1.1711,1.0427,9.711e-05,0.24315,p0468
0.96442,1.1081,5.7987e-05,0.78882,p0469
1.0192,1.1359,8.4414e-05,0.61469,p0470
1.0909,1.1907,1.1165e-05,0.47359,p0471
0.99644,0.88799,6.493e-05,0.25372,p0472
0.979,1.0142,8.4742e-05,0.22888,p0473
0.97321,1.1126,5.9563e-05,0.66145,p0474
1.1284,0.86562,5.8165e-05,0.53935,p0475
1.0289,1.0599,1.1879e-05,0.75177,p0476
1.1605,0.83149,8.8165e-05,0.63824,p0477
0.99193,0.82409,4.4967e-05,0.53993,p0478
0.83864,1.0993,9.8678e-05,0.6792,p0479
0.81402,0.86695,8.0871e-06,0.2043,p0480
0.80016,0.97363,7.8039e-05,0.55536,p0481
0.9118,0.9292,8.0936e-05,0.37251,p0482
1.1885,0.96133,2.2022e-05,0.47097,p0483
1.0569,0.88231,7.7478e-05,0.28457,p0484
1.0293,0.83852,1.744e-05,0.40457,p0485
0.96999,1.071,2.1954e-05,0.27914,p0486
1.072,1.1157,9.2744e-05,0.78428,p0487
0.87947,1.1414,8.4862e-05,0.69423,p0488
1.1577,0.98371,5.0155e-05,0.42298,p0489
1.0746,0.86088,1.9651e-05,0.30076,p0490
1.0685,0.90734,5.1524e-05,0.56108,p0491
1.0186,1.097,1.4393e-05,0.31185,p0492
0.87406,1.1284,5.5533e-05,0.3012,p0493
1.0122,1.0302,7.2896e-05,0.23773,p0494
1.1933,0.84319,7.0205e-05,0.57774,p0495
1.1548,1.0275,5.627e-06,0.47641,p0496
1.0303,1.146,2.4948e-05,0.5198,p0497
0.82275,1.0641,3.5039e-05,0.2893,p0498
0.80247,1.1692,3.8841e-05,0.65488,p0499
0.85376,1.1817,1.3215e-05,0.41192,p0500
0.91243,0.95602,6.42e-05,0.26885,p0501
1.0707,0.88069,8.0208e-05,0.26033,p0502
1.0199,1.1542,4.9279e-05,0.26433,p0503
0.86075,0.9657,2.5547e-05,0.63939,p0504
0.9147,0.96923,5.421e-05,0.51238,p0505
0.92094,1.0553,8.2887e-05,0.415,p0506
0.9901,0.88811,6.2125e-06,0.27765,p0507
1.0257,0.99475,1.7693e-05,0.79073,p0508
0.82191,0.94382,2.9695e-05,0.52548,p0509
1.159,1.1261,5.0967e-05,0.51019,p0510
1.151,0.97961,1.1751e-05,0.26579,p0511
1.0412,1.1728,4.5541e-05,0.25133,p0512
1.0991,1.0045,8.8944e-05,0.62109,p0513
0.84351,1.1496,8.1152e-05,0.2032,p0514
1.1413,0.90521,1.6908e-05,0.47362,p0515
0.99691,1.068,8.4448e-05,0.48857,p0516
1.1446,1.0621,7.7122e-05,0.77738,p0517
1.1373,1.1331,6.7948e-05,0.36154,p0518
0.87519,1.0662,8.6016e-05,0.79839,p0519
1.1836,1.1894,7.5035e-05,0.72108,p0520
1.0765,1.0319,8.2537e-05,0.71386,p0521
1.0721,1.0257,1.3404e-05,0.5785,p0522
1.1858,1.135,1.9366e-05,0.4962,p0523
0.87225,1.1642,9.0058e-05,0.45709,p0524
1.0963,0.87132,7.9179e-05,0.33898,p0525
1.1845,1.0729,2.6431e-05,0.23976,p0526
0.98172,1.1966,2.4146e-06,0.53745,p0527
0.97571,1.0308,4.2784e-05,0.55337,p0528
0.87365,0.92953,2.4519e-05,0.78496,p0529
0.91645,1.1839,1.8274e-05,0.4266,p0530
1.0696,0.96372,3.2528e-05,0.49362,p0531
1.1828,0.97007,8.2102e-05,0.31934,p0532
1.1554,1.0189,8.8851e-05,0.58622,p0533
1.1325,1.1941,9.9867e-05,0.78726,p0534
0.92838,0.81569,3.6878e-05,0.63079,p0535
0.82104,1.1348,3.1946e-05,0.24255,p0536
1.1234,1.17,2.7752e-05,0.46406,p0537
0.87696,1.1169,2.7595e-05,0.70399,p0538
1.0858,0.92259,4.7594e-06,0.68258,p0539
0.82852,1.147,3.2738e-05,0.69701,p0540
0.82472,0.94418,5.5027e-05,0.34206,p0541
0.84729,0.95903,3.35e-05,0.70157,p0542
1.1722,0.89508,6.9319e-05,0.20137,p0543
0.85216,0.99916,9.026e-05,0.46292,p0544
1.1537,1.0658,4.6003e-05,0.71985,p0545
1.0521,0.85047,8.7686e-05,0.65998,p0546
1.1698,0.87916,9.1427e-05,0.73509,p0547
1.1826,0.98494,4.1779e-06,0.69326,p0548
0.90377,1.1275,4.157e-05,0.24776,p0549
1.1007,0.92968,8.9232e-05,0.60163,p0550
1.0129,0.93246,1.4307e-05,0.76717,p0551
1.1595,1.0904,4.425e-05,0.24505,p0552
1.1403,0.88563,1.4704e-05,0.55432,p0553
1.1137,1.0325,2.7084e-05,0.21431,p0554
0.9222,1.1079,3.3802e-05,0.3448,p0555
0.81363,1.1566,9.8821e-05,0.53527,p0556
0.96432,0.9566,5.2766e-05,0.62048,p0557
0.82921,0.95237,1.5338e-05,0.59483,p0558
0.83297,0.82601,5.3969e-05,0.59351,p0559
1.0825,0.83535,3.2926e-05,0.69267,p0560
0.87522,0.98898,3.9446e-05,0.29171,p0561
1.0751,1.0067,4.1334e-05,0.5652,p0562
0.86138,1.1436,9.045e-05,0.69925,p0563
0.96147,0.92421,5.4099e-05,0.69644,p0564
0.91547,0.82378,8.5119e-05,0.49039,p0565
0.96877,0.9861,3.9985e-05,0.48251,p0566
0.94339,0.99221,6.178e-05,0.24157,p0567
0.99585,1.0558,5.9278e-05,0.29403,p0568
0.94036,1.1587,8.5676e-05,0.66748,p0569
0.95414,0.80149,1.6125e-05,0.65198,p0570
1.061,1.0575,4.032e-05,0.29592,p0571
0.84506,0.90975,2.9828e-06,0.3019,p0572
0.95747,0.84462,8.7561e-05,0.66288,p0573
1.0308,1.1509,4.4581e-05,0.22,p0574
1.1648,0.87779,2.0761e-05,0.77801,p0575
0.98734,1.13,2.5345e-05,0.46266,p0576
0.84149,0.81116,3.5235e-05,0.72143,p0577
1.1421,0.82454,5.7143e-05,0.24806,p0578
1.166,1.09,1.2127e-05,0.38244,p0579
0.93691,0.98586,3.4008e-05,0.51884,p0580
0.90726,1.1335,2.2869e-05,0.76968,p0581
1.1365,0.96705,3.3155e-05,0.26176,p0582
1.1332,1.0845,2.0212e-05,0.39709,p0583
1.1895,1.0866,5.0488e-06,0.30467,p0584
0.90764,1.1593,4.4407e-05,0.6226,p0585
1.0094,1.0686,4.8315e-05,0.79583,p0586
1.0597,0.95103,3.0784e-05,0.50279,p0587
1.181,1.1319,5.6844e-05,0.55161,p0588
0.88144,0.81709,4.6157e-05,0.74919,p0589
1.0285,0.86135,7.7698e-05,0.68919,p0590
0.89057,0.98825,5.6209e-05,0.20529,p0591
0.95711,0.89237,1.2405e-05,0.54927,p0592
0.80971,0.91114,8.5636e-06,0.27641,p0593
0.96496,0.85421,6.8926e-06,0.55485,p0594
1.0376,1.0523,6.9541e-05,0.46713,p0595
1.041,0.84592,2.4987e-05,0.2157,p0596
1.1677,0.82556,5.1269e-05,0.76133,p0597
1.1662,1.0772,7.3616e-05,0.21088,p0598
1.0153,0.93954,3.9909e-05,0.56988,p0599
0.88017,1.1879,8.0897e-05,0.51609,p0600
1.0104,0.88406,7.4579e-06,0.66358,p0601
0.93053,0.84422,8.581e-05,0.3131,p0602
1.0048,1.0716,8.2532e-06,0.61114,p0603
0.93205,0.85628,7.0932e-05,0.60987,p0604
1.0126,1.16,3.8012e-05,0.7368,p0605
1.1439,0.85938,4.8434e-05,0.51131,p0606
1.0818,0.92536,4.0554e-06,0.29632,p0607
1.1754,1.063,9.0804e-05,0.34831,p0608
1.169,0.9906,1.873e-05,0.72996,p0609
1.1186,0.98555,4.3436e-05,0.72766,p0610
0.84645,0.8512,4.9186e-05,0.35103,p0611
1.1088,0.85184,2.4795e-05,0.55929,p0612
1.1929,0.8369,4.1758e-05,0.74245,p0613
1.0902,0.9568,2.2629e-05,0.37402,p0614
0.9055,0.90631,9.8851e-06,0.32492,p0615
0.90314,1.0742,3.7624e-05,0.73841,p0616
0.91587,0.81322,2.953e-05,0.76578,p0617
0.9509,0.8911,2.8553e-05,0.40962,p0618
0.99915,0.95124,1.7002e-05,0.57144,p0619
0.89665,1.0502,9.4507e-06,0.60977,p0620
1.129,1.1917,8.357e-05,0.33123,p0621
0.82593,1.1131,2.3184e-05,0.74654,p0622
0.90325,1.1174,8.8071e-05,0.39215,p0623
1.0269,1.0376,9.855e-05,0.39465,p0624
1.0058,0.91944,9.7993e-05,0.28357,p0625
0.9005,1.076,7.3438e-05,0.4879,p0626
0.94397,1.0023,3.7261e-05,0.7407,p0627
1.0526,1.0079,4.529e-05,0.42531,p0628
0.98028,1.1447,7.0819e-05,0.36607,p0629
1.1145,0.98341,8.5009e-05,0.2714,p0630
0.81351,1.1164,4.9455e-05,0.50773,p0631
1.0491,0.96227,4.8064e-05,0.70277,p0632
1.1521,0.81413,3.7846e-05,0.45985,p0633
0.81576,0.96413,6.3845e-05,0.40227,p0634
0.97139,1.0298,7.179e-05,0.56308,p0635
0.82714,1.1662,3.0122e-06,0.28144,p0636
1.1257,0.91789,4.4954e-05,0.69902,p0637
1.0978,1.0509,1.2364e-05,0.62981,p0638
1.1338,0.84495,5.3796e-05,0.65771,p0639
0.87123,0.80805,8.1005e-06,0.33589,p0640
0.94274,1.0288,1.3834e-05,0.3852,p0641
1.0654,0.96772,5.4403e-05,0.23929,p0642
1.0081,1.0915,5.5391e-05,0.66824,p0643
0.92762,0.87555,7.0517e-05,0.47531,p0644
0.85823,1.004,4.628e-05,0.54413,p0645
1.0406,0.87651,1.1073e-05,0.32125,p0646
0.99518,0.80297,2.6585e-05,0.67111,p0647
0.848,0.99677,8.9021e-05,0.57483,p0648
1.1305,0.99747,9.5345e-05,0.43988,p0649
1.107,0.94009,6.0382e-05,0.3819,p0650
0.8672,0.93207,5.7676e-05,0.76273,p0651
1.1516,1.1467,2.3649e-05,0.52876,p0652
1.0213,0.91678,2.4019e-05,0.27384,p0653
0.80176,1.1384,1.027e-05,0.77245,p0654
0.80107,1.0007,5.4268e-06,0.23479,p0655
0.85486,1.1222,7.3182e-05,0.3576,p0656
0.93278,0.82487,1.787e-05,0.49103,p0657
0.85671,1.1113,4.0201e-05,0.43471,p0658
1.0248,1.1105,6.2722e-05,0.68823,p0659
0.80589,0.94245,4.2186e-05,0.7669,p0660
1.0231,1.0075,8.4532e-05,0.45394,p0661
1.1906,0.99341,8.953e-05,0.42171,p0662
1.1474,1.0499,3.9771e-05,0.40838,p0663
0.88413,0.84928,6.2164e-05,0.63512,p0664
0.83093,1.1872,3.4597e-05,0.67786,p0665
1.1319,0.88879,5.3124e-06,0.60021,p0666
0.91402,1.137,3.3282e-05,0.54689,p0667
1.0659,0.88185,4.9039e-05,0.78626,p0668
1.0345,1.0467,7.0714e-05,0.2541,p0669
0.89467,0.8337,7.0021e-05,0.50329,p0670
1.0923,0.95496,1.2743e-05,0.6388,p0671
1.1942,1.1952,5.7876e-05,0.51339,p0672
0.8665,1.0415,4.4855e-05,0.26699,p0673
1.1793,0.90387,5.8891e-05,0.54507,p0674
1.0305,0.93039,3.3666e-05,0.42853,p0675
1.1417,1.1946,8.1454e-05,0.43356,p0676
1.1128,0.92823,6.7047e-06,0.37725,p0677
1.1534,1.0336,5.201e-05,0.33055,p0678
1.08,0.84348,9.8195e-05,0.26302,p0679
1.1515,0.86552,8.873e-05,0.67437,p0680
0.84198,1.1308,4.4466e-05,0.30926,p0681
1.1669,0.95964,9.4654e-05,0.4597,p0682
0.94709,1.0457,5.7555e-05,0.52918,p0683
1.0821,1.1485,5.1655e-05,0.37513,p0684
0.86297,1.1721,7.7108e-06,0.57518,p0685
0.9961,1.0858,1.7215e-05,0.3376,p0686
0.96734,1.0032,8.1772e-05,0.44636,p0687
0.99549,0.92297,9.5852e-05,0.33143,p0688
1.1255,0.99102,4.4117e-05,0.4782,p0689
0.8361,0.94756,9.9189e-05,0.21319,p0690
1.1997,0.91519,1.5556e-05,0.5175,p0691
0.90608,1.0112,1.9557e-05,0.66433,p0692
1.0565,0.85267,8.6439e-05,0.52989,p0693
0.89244,1.0723,2.3522e-05,0.3062,p0694
1.1112,0.9985,6.6181e-05,0.78774,p0695
0.86626,1.0136,1.2799e-05,0.27558,p0696
1.0427,0.90357,4.9447e-05,0.73413,p0697
0.9493,0.96665,3.8691e-05,0.54659,p0698
0.98243,1.0357,6.1382e-05,0.58674,p0699
0.83964,1.0329,9.5039e-05,0.75423,p0700
0.99926,0.80076,5.8744e-05,0.67536,p0701
0.95069,0.9067,7.5983e-05,0.56379,p0702
0.89144,1.1937,8.6186e-05,0.41692,p0703
1.0151,1.1799,6.1271e-05,0.55587,p0704
0.98398,0.9212,7.4139e-05,0.41431,p0705
1.1506,1.1771,8.3058e-05,0.30739,p0706
1.1204,1.1364,6.7177e-05,0.59989,p0707
0.80559,0.95302,1.5284e-05,0.3884,p0708
0.83374,1.0421,8.6274e-05,0.22233,p0709
0.80218,1.0904,6.8667e-05,0.44127,p0710
1.0255,1.0193,8.1708e-05,0.34296,p0711
1.1652,0.80868,3.1711e-05,0.50199,p0712
0.96681,1.0885,5.7357e-05,0.30515,p0713
1.1457,1.1493,8.5871e-05,0.4467,p0714
0.96393,0.83175,7.4872e-05,0.64346,p0715
0.92878,1.0417,4.9603e-05,0.68742,p0716
0.86478,0.90513,9.6189e-05,0.78194,p0717
0.95351,0.84191,6.9727e-05,0.69084,p0718
1.0201,0.94683,9.7032e-05,0.45613,p0719
1.0141,1.1342,3.5602e-05,0.38086,p0720
0.89515,1.1402,7.5231e-05,0.54306,p0721
0.87241,1.1058,6.109e-05,0.45661,p0722
0.93,1.0343,7.2582e-05,0.65669,p0723
1.1561,1.0042,7.8497e-05,0.57337,p0724
0.8968,0.8794,6.784e-05,0.49515,p0725
1.105,0.86665,5.0845e-05,0.57381,p0726
0.97645,1.0129,3.8379e-05,0.53358,p0727
1.0073,1.1948,3.5309e-05,0.22959,p0728
0.94129,0.84915,7.3381e-05,0.62457,p0729
0.93102,0.9732,6.805e-05,0.72919,p0730
1.0012,0.90596,4.064e-05,0.51527,p0731
1.1739,1.0807,1.1218e-05,0.42607,p0732
0.88966,1.0239,9.4281e-05,0.69233,p0733
0.98935,1.1697,6.4623e-05,0.66925,p0734
1.0561,0.97164,3.1522e-05,0.77148,p0735
0.8529,0.84995,6.1992e-05,0.67161,p0736
1.1355,1.1659,9.5551e-05,0.68401,p0737
0.87658,0.95161,8.8547e-05,0.40476,p0738
0.83325,1.182,9.6519e-05,0.31484,p0739
0.8264,0.8828,3.509e-05,0.65407,p0740
0.81114,0.83111,3.8257e-05,0.35909,p0741
1.1762,1.1053,5.6966e-05,0.59897,p0742
0.91068,1.1992,6.011e-05,0.22528,p0743
1.1022,1.0491,1.9797e-05,0.27083,p0744
0.98152,0.99159,8.6717e-05,0.77856,p0745
0.93957,1.0146,1.8059e-05,0.7989,p0746
0.93,1.0352,5.9416e-06,0.64219,p0747
1.1378,1.0636,7.3639e-05,0.35561,p0748
1.0969,1.0232,3.7121e-05,0.39371,p0749
1.1321,0.90221,4.3291e-05,0.71069,p0750
0.80607,0.96263,9.9279e-05,0.51487,p0751
0.80739,1.1327,4.3657e-05,0.37209,p0752
1.101,1.1896,8.1609e-05,0.35042,p0753
1.0327,1.1597,8.4623e-05,0.64248,p0754
0.86942,0.9662,2.9005e-05,0.72297,p0755
0.97217,0.8395,8.4282e-05,0.54768,p0756
0.87465,1.0528,6.4321e-05,0.74437,p0757
0.8623,0.96097,6.8992e-05,0.69543,p0758
1.1897,1.0399,5.8415e-05,0.32884,p0759
0.81281,0.88516,9.4518e-05,0.62821,p0760
1.1454,0.92621,2.1866e-05,0.27071,p0761
0.93297,1.1932,3.9592e-05,0.32212,p0762
1.1704,1.1715,7.7917e-05,0.58892,p0763
0.93542,1.1748,6.8596e-05,0.27692,p0764
1.0627,0.96024,1.9272e-05,0.73714,p0765
0.86576,1.1685,4.2891e-05,0.47936,p0766
1.1142,1.0646,9.3273e-05,0.21751,p0767
1.1194,0.99796,7.2482e-05,0.60277,p0768
0.87091,1.0793,5.9948e-05,0.61388,p0769
1.1779,0.96533,1.0583e-05,0.31759,p0770
1.0476,0.80919,7.8763e-05,0.24942,p0771
1.1624,0.96179,9.7373e-07,0.24673,p0772
0.93483,1.125,9.7557e-05,0.6518,p0773
1.1064,0.83755,9.4944e-06,0.79315,p0774
0.85614,0.91151,8.7053e-05,0.43616,p0775
1.0138,1.178,8.4045e-05,0.50582,p0776
0.95186,1.184,6.5245e-05,0.62595,p0777
0.98467,1.103,1.5995e-05,0.34352,p0778
0.89611,0.87453,6.6929e-05,0.46103,p0779
0.86992,1.0954,2.6475e-05,0.78373,p0780
0.88545,1.1506,1.9147e-05,0.42335,p0781
1.0266,0.86052,2.153e-05,0.20189,p0782
1.1078,0.88357,9.1922e-05,0.28564,p0783
0.93652,1.0778,2.3541e-06,0.2757,p0784
1.1172,0.80366,3.8872e-05,0.4111,p0785
1.0985,0.8749,1.418e-06,0.26831,p0786
0.8179,0.89268,2.6244e-05,0.40073,p0787
1.0631,1.0184,1.0168e-06,0.70015,p0788
0.89393,0.97269,7.3265e-05,0.45886,p0789
0.89562,1.1232,2.8786e-05,0.66031,p0790
1.0556,1.014,3.6301e-05,0.54093,p0791
1.0429,1.1136,9.067e-05,0.48482,p0792
0.93321,0.83253,7.8299e-05,0.31685,p0793
1.0469,0.99519,7.1051e-05,0.6036,p0794
0.97694,0.97625,9.3443e-05,0.50885,p0795
1.1635,0.9778,7.9622e-05,0.22187,p0796
0.97492,0.95416,8.5923e-05,0.63226,p0797
0.89834,1.1185,2.9377e-05,0.70202,p0798
1.098,0.87322,7.5513e-05,0.76408,p0799
0.849,1.0512,8.5498e-05,0.58949,p0800
0.87775,0.80201,7.1361e-05,0.56004,p0801
1.1462,0.81791,1.6309e-05,0.32465,p0802
0.84315,1.1294,3.3054e-05,0.6023,p0803
0.95908,1.1927,7.8928e-05,0.66729,p0804
0.99834,1.0618,5.2369e-05,0.39117,p0805
1.1861,0.91418,1.8294e-05,0.36239,p0806
1.0088,1.1631,1.8456e-05,0.3687,p0807
1.1814,1.1023,5.2514e-05,0.23284,p0808
0.829,1.044,1.9071e-05,0.52458,p0809
0.95825,1.0148,1.6537e-05,0.70319,p0810
0.90235,0.84,4.8616e-06,0.20569,p0811
1.1583,0.93999,2.0541e-05,0.69493,p0812
0.86848,0.91077,2.2499e-05,0.67681,p0813
0.96609,1.099,5.9341e-05,0.31411,p0814
1.0867,1.1212,6.374e-05,0.73179,p0815
1.0514,0.91561,3.0399e-05,0.52501,p0816
0.84377,0.8035,4.76e-05,0.53634,p0817
0.85706,0.82988,4.3862e-05,0.32586,p0818
0.88602,0.86192,6.3625e-05,0.49415,p0819
0.94594,1.1612,5.8037e-06,0.53137,p0820
1.1972,1.1103,3.4419e-05,0.28793,p0821
0.90988,0.81002,2.7533e-05,0.2745,p0822
1.0755,0.85864,7.9251e-05,0.49741,p0823
0.98344,0.90787,9.2422e-05,0.6731,p0824
1.1728,0.98021,4.7686e-05,0.52752,p0825
0.92418,1.0948,8.0803e-05,0.7979,p0826
1.0928,0.84154,1.2633e-06,0.38978,p0827
0.84203,1.0201,9.3615e-05,0.43147,p0828
1.1767,1.1637,5.0622e-05,0.70702,p0829
1.1096,0.81375,4.5653e-06,0.30243,p0830
0.95667,0.99811,1.4974e-05,0.57717,p0831
1.1837,0.95356,6.5411e-05,0.33676,p0832
0.9189,1.1205,4.5184e-05,0.55793,p0833
0.94526,0.90267,9.6064e-05,0.47129,p0834
1.192,1.1457,6.7682e-07,0.35359,p0835
1.1119,1.038,6.0201e-05,0.25161,p0836
1.1151,1.0964,7.5634e-05,0.29217,p0837
1.0099,1.1562,9.8763e-05,0.41642,p0838
1.0476,1.1489,4.1795e-05,0.57039,p0839
0.92731,0.85813,5.9224e-05,0.59548,p0840
1.1468,0.89137,4.1402e-05,0.38708,p0841
0.98891,0.98676,3.1991e-05,0.64061,p0842
0.9858,1.0811,7.9988e-05,0.61705,p0843
0.97991,1.065,1.543e-05,0.53414,p0844
1.012,1.144,4.3137e-05,0.50832,p0845
1.0162,1.0052,2.8195e-05,0.3468,p0846
0.93792,1.0562,3.0546e-05,0.50166,p0847
1.1608,1.0119,2.306e-05,0.75313,p0848
0.88939,1.0013,6.9387e-05,0.74788,p0849
0.86429,0.97094,3.9292e-05,0.25017,p0850
0.82494,0.95456,5.0683e-05,0.75511,p0851
0.81496,0.91732,2.6267e-06,0.77907,p0852
0.98697,1.1901,7.6107e-05,0.61094,p0853
1.1136,1.0487,5.6745e-05,0.55047,p0854
0.99379,1.07,7.539e-05,0.34244,p0855
1.0573,1.1097,9.8961e-05,0.20732,p0856
1.1265,1.0266,9.3059e-05,0.58267,p0857
1.092,1.1735,6.5624e-05,0.6077,p0858
0.85043,1.0431,3.9059e-05,0.36375,p0859
0.96829,0.86858,1.5958e-06,0.69613,p0860
1.0381,0.81984,3.2412e-05,0.2122,p0861
0.81837,1.159,3.4222e-05,0.30873,p0862
0.85438,0.81054,7.6948e-07,0.70571,p0863
0.96116,0.99703,7.6899e-05,0.62487,p0864
0.93421,1.1153,1.0044e-05,0.55382,p0865
0.98838,0.82292,3.1208e-06,0.25729,p0866
0.81637,1.083,5.2292e-05,0.61926,p0867
1.0698,0.83342,2.5738e-05,0.51295,p0868
1.0793,1.1198,4.7249e-05,0.32309,p0869
0.81456,0.92494,1.3071e-05,0.70425,p0870
1.1276,1.1064,6.082e-05,0.67759,p0871
1.0893,0.97738,3.9705e-05,0.45789,p0872
0.94637,0.94063,1.6655e-06,0.72537,p0873
1.1076,1.0628,6.9806e-05,0.48939,p0874
1.1346,1.0346,5.323e-05,0.56646,p0875
0.96222,1.0496,2.4745e-05,0.68442,p0876
0.83733,1.104,7.7731e-05,0.66673,p0877
0.93125,1.1149,2.7288e-05,0.58485,p0878
0.95789,1.1865,4.6837e-05,0.65566,p0879
1.1109,1.0961,8.9862e-05,0.53433,p0880
1.1432,0.89025,2.0653e-07,0.39318,p0881
0.97107,1.1315,8.4016e-05,0.62672,p0882
0.99254,0.84082,5.1152e-06,0.65863,p0883
1.067,1.0676,4.7488e-05,0.60429,p0884
1.1425,1.0822,1.6783e-05,0.70763,p0885
1.1982,1.1201,3.8354e-06,0.56783,p0886
1.1489,0.97285,3.4826e-05,0.76496,p0887
1.036,1.111,1.7923e-06,0.75129,p0888
0.87754,1.0581,3.2365e-05,0.56477,p0889
0.88685,0.82938,9.0894e-05,0.38603,p0890
0.86556,1.1256,6.4061e-05,0.24092,p0891
0.93391,1.162,3.5746e-05,0.7923,p0892
1.021,0.91251,8.232e-05,0.25479,p0893
1.1027,0.84053,2.6003e-05,0.6648,p0894
0.8348,0.80169,2.7782e-05,0.6121,p0895
1.1865,1.1984,6.4363e-05,0.78242,p0896
1.0601,0.90047,3.1126e-05,0.42418,p0897
0.80395,1.127,7.7173e-05,0.29099,p0898
0.86095,1.1183,4.2705e-05,0.47254,p0899
1.1703,0.90427,6.8877e-05,0.68229,p0900
1.0394,0.9758,8.1266e-05,0.40915,p0901
1.0761,0.86902,7.6561e-05,0.34891,p0902
0.91772,0.91013,4.3987e-05,0.42731,p0903
1.0861,0.92586,4.7283e-05,0.3667,p0904
1.0934,0.88527,2.9872e-05,0.28069,p0905
0.85102,0.91709,9.2373e-05,0.53031,p0906
0.86018,1.0231,8.7309e-05,0.45286,p0907
1.0995,0.97866,8.8495e-05,0.61693,p0908
0.95584,1.0246,3.5792e-05,0.61989,p0909
1.0898,0.95597,6.2546e-05,0.40623,p0910
1.1126,0.85515,5.9442e-05,0.55848,p0911
0.88798,1.0539,8.9704e-05,0.51077,p0912
1.0116,0.80973,5.0395e-05,0.20371,p0913
1.175,1.1377,9.6709e-05,0.41543,p0914
0.90175,1.1892,9.6446e-05,0.3271,p0915
0.97522,1.129,7.4119e-05,0.38467,p0916
1.0419,0.84847,7.0623e-05,0.6478,p0917
0.8595,0.87808,7.7321e-05,0.67848,p0918
1.1945,1.142,2.4302e-05,0.27368,p0919
0.94497,1.1253,3.0346e-05,0.22731,p0920
1.0974,1.1636,1.0164e-05,0.59372,p0921
1.1202,0.81865,8.1835e-05,0.71503,p0922
1.0713,1.037,8.4841e-06,0.23643,p0923
1.0369,0.98122,9.721e-05,0.67377,p0924
0.985,1.1051,9.2852e-05,0.25291,p0925
0.82647,1.0546,6.8506e-05,0.64743,p0926
1.046,0.94777,4.8789e-05,0.68711,p0927
1.083,0.80036,7.9498e-05,0.31847,p0928
1.1448,1.1858,1.7171e-05,0.73963,p0929
1.1874,0.90295,3.5409e-05,0.29809,p0930
1.1392,0.85216,8.5386e-05,0.74139,p0931
1.1398,1.1388,9.807e-05,0.66568,p0932
1.1057,0.9202,1.2222e-05,0.48172,p0933
1.0702,1.1388,4.5425e-05,0.5564,p0934
0.96919,0.81142,6.087e-05,0.75587,p0935
0.83916,1.0911,6.4516e-05,0.28955,p0936
0.83155,0.93727,9.6151e-06,0.6543,p0937
1.051,0.82237,3.6164e-06,0.28229,p0938
0.89776,1.1242,3.281e-05,0.62177,p0939
0.838,0.99636,1.5619e-05,0.23668,p0940
0.97474,0.88268,2.8486e-06,0.21974,p0941
1.1649,1.0468,5.1372e-05,0.72715,p0942
0.90868,1.1528,2.7472e-05,0.57293,p0943
1.1177,1.0841,1.6662e-05,0.48668,p0944
1.1039,1.1411,6.6439e-05,0.73089,p0945
1.174,0.91235,7.4396e-05,0.30588,p0946
0.9787,1.1087,3.4554e-05,0.38171,p0947
1.0623,1.1535,1.8592e-05,0.63361,p0948
1.081,0.89567,3.6975e-05,0.36088,p0949
0.94736,1.0881,1.1628e-05,0.33535,p0950
0.88065,1.1538,1.6394e-05,0.76302,p0951
0.96191,0.85596,8.033e-05,0.23032,p0952
1.0158,1.1546,7.0065e-05,0.28756,p0953
0.87915,0.90459,6.1529e-05,0.77021,p0954
1.0276,1.1994,8.1969e-05,0.41871,p0955
0.83587,1.1793,5.3568e-05,0.35827,p0956
0.90566,1.1532,7.1967e-05,0.29034,p0957
0.91218,1.0288,6.3082e-05,0.59027,p0958
1.109,0.9784,6.7399e-05,0.39164,p0959
0.86183,1.0251,6.6665e-05,0.44351,p0960
0.97175,0.98969,4.5844e-05,0.31364,p0961
1.1987,0.80275,5.9879e-05,0.25826,p0962
0.95304,1.0931,5.5576e-05,0.47717,p0963
0.94079,1.1606,8.8377e-06,0.67484,p0964
0.8405,1.1424,1.8972e-05,0.28489,p0965
0.96247,0.80669,2.2455e-05,0.29285,p0966
0.83551,1.0766,4.3035e-06,0.58111,p0967
0.908,1.0212,5.899e-05,0.59464,p0968
1.162,1.0926,5.4672e-05,0.2665,p0969
0.91486,0.81175,9.1065e-05,0.55968,p0970
1.0937,1.1914,1.0452e-05,0.35963,p0971
1.1967,1.035,9.7464e-05,0.53297,p0972
0.99307,1.1247,5.3297e-05,0.39812,p0973
0.84528,1.0408,5.753e-05,0.29954,p0974
1.0089,0.9198,3.3956e-05,0.28614,p0975
1.0019,1.0613,5.3716e-05,0.65343,p0976
0.91962,1.0996,7.6977e-05,0.48597,p0977
0.85466,1.1011,6.6996e-05,0.41415,p0978
1.0856,0.88374,8.6971e-05,0.36411,p0979
0.83955,1.1134,2.1709e-05,0.22855,p0980
1.065,0.88099,3.9183e-05,0.52217,p0981
0.98415,0.87278,2.6835e-05,0.75952,p0982
1.1314,1.1444,3.3245e-05,0.56685,p0983
0.97761,0.95376,3.6007e-05,0.41259,p0984
0.92398,0.81822,7.3935e-05,0.44567,p0985
0.90414,1.0443,5.0934e-05,0.79355,p0986
1.1065,1.1364,4.6133e-05,0.34019,p0987
1.0262,0.95876,4.3593e-05,0.44831,p0988
0.85592,0.97954,2.0176e-05,0.43562,p0989
1.1949,0.80921,2.798e-05,0.53071,p0990
0.95398,1.1016,9.903e-05,0.21154,p0991
1.0604,0.96876,3.7814e-06,0.59606,p0992
1.0642,1.0178,3.9061e-05,0.44388,p0993
0.94646,0.83614,4.1156e-05,0.51832,p0994
0.81525,0.9013,2.9215e-05,0.77645,p0995
0.94806,1.0121,5.4787e-05,0.43333,p0996
1.1042,1.0534,6.99e-05,0.36924,p0997
0.99103,0.93802,1.3684e-05,0.34591,p0998
1.1408,0.88886,3.5821e-07,0.20897,p0999
1.007,1.0656,6.7254e-05,0.70938,p1000
