wind_speed,turb_param.k_min,g2.constant_value,g1.constant_value,A.constant_value,qual
1,4e-06,3.4,0.6,0.9,656.331075965823
0.876522184540475,3.66655415554089e-06,3.37953033945072,0.465453377933723,1.05650271084569,656.331075965823
0.888797659558478,3.23054103690823e-06,3.00163552777422,0.511753719087535,1.06494903716895,656.331075965823
0.908290607389123,3.70550469118799e-06,3.06243218449197,0.518683917289252,1.01778875260669,656.331075965823
1.1450092141929,3.57375260283888e-06,3.00236222013832,0.426491207027874,1.02507193845154,656.331075965823
1.10824732018284,3.53639758201993e-06,3.49263748635872,0.435362630905256,1.04494528404434,656.331075965823
1.03623928741722,2.80538006878177e-06,3.01878055762094,0.54174888854531,1.08954875539186,656.331075965823
1.12653638612182,2.33636036956779e-06,3.16295819897128,0.635490568155688,1.06768370376523,656.331075965823
1.15092079322829,2.4001857548275e-06,3.09640928200955,0.603776253700258,1.06193718280053,656.331075965823
1.02331912072802,2.26757869857807e-06,2.74237938386198,0.641504829514044,0.987101922026547,863.71472832803
1.15557435539047,2.21004703548925e-06,2.6702801707799,0.624500228834032,0.950306877258147,871.783571335792
1.04832829334523,2.41954511894235e-06,2.75964995382003,0.591674402747983,0.958655076220381,822.012982351555
1.12337442127259,2.5373098565649e-06,3.45368718375146,0.565304694381541,0.998280295426414,855.849101280195
1.15575232473314,2.27698742544724e-06,3.18453955191522,0.675256624272883,1.07979877226147,855.849101280195
1.16543429505911,2.37903767028054e-06,2.99051474751793,0.585682453278376,1.03035567902546,855.849101280195
1.08243607386211,2.34463408414128e-06,3.01306370697688,0.595469542450862,0.885378059863839,764.822298640202
1.11475985865897,3.04846093133088e-06,3.2626754157174,0.602715395844383,0.989403399429398,754.753685938165
1.06225776485206,3.26973091674636e-06,3.04154397898603,0.608225583319867,0.9922158225788,731.000717218383
1.0825847290448,2.37367062189079e-06,2.53279454465739,0.634290191347433,1.02267032605923,731.000717218383
1.15467013352352,1.98569760489412e-06,2.86667925947135,0.546748208733406,1.04574909601461,731.000717218383
1.15361889773946,2.8147970672317e-06,2.64493568957711,0.603819589786315,1.01905287979702,731.000717218383
1.16457553757465,2.42091123417212e-06,3.08517015059594,0.612273863643502,1.09135115154153,731.000717218383
1.13898020507842,2.52634953159566e-06,3.04813754055134,0.558686516558061,1.01270813709765,731.000717218383
1.10429989153514,3.03400825231917e-06,2.752059865334,0.603031321441922,0.988892288213022,755.544575177343
1.11083042256727,2.28512297554915e-06,2.77961021164268,0.531108173914213,1.06795564274073,755.544575177343
1.18306083785497,2.65471417106306e-06,3.30275879829803,0.641110007158475,1.02406869758275,755.544575177343
1.01339697966566,2.21387259965288e-06,3.35222143875503,0.483416089122824,0.979846501340582,922.776117214879
1.1234970090498,2.17406316334317e-06,3.17346845498997,0.526415100692392,0.950144698116694,900.182364077987
1.18735217319276,2.39860102068961e-06,2.82104864055289,0.593312415905738,0.896966927691701,789.506730671394
1.11616437002533,2.63235201388261e-06,2.41392214610941,0.653825716758697,0.944081524656206,768.2843867334
0.911014762119939,2.79608549556698e-06,3.17205116094662,0.636773405799936,0.990884632326427,747.514152025324
1.14169362135163,3.19346002151217e-06,2.93357042947119,0.616597504481624,1.06273632621584,747.514152025324
1.13493527723306,3.4733539513689e-06,3.22732151046288,0.663649621170715,1.07452658180168,747.514152025324
1.17468814943635,2.43534795602601e-06,2.75006655241645,0.626072325831266,1.07745479213167,747.514152025324
0.966919223838581,2.55368819603875e-06,2.45376723939955,0.520435079877711,1.00677445075974,747.514152025324
1.04225078269125,2.58965514627725e-06,3.00452318567064,0.66902296574125,1.04572521593075,747.514152025324
1.17302046555002,2.28003265681467e-06,2.74711505333837,0.631476198474366,0.966151438801983,869.284250422691
1.05368004449982,2.32611225039483e-06,3.19721362475386,0.464886695126096,1.05006869799777,869.284250422691
1.17870581247201,3.12723458769384e-06,2.74102619083967,0.519518601700106,1.0220380827449,869.284250422691
1.09243780800646,2.5445561932871e-06,3.02140786361893,0.615116246717961,0.925118617384565,762.253905085598
1.19999815285671,2.49605697376986e-06,2.86332837562448,0.561278904243659,1.0247721791765,762.253905085598
0.99682248960109,2.62542799157064e-06,3.26792132526497,0.594851660821425,0.919696604371925,731.027995407547
1.06559226932676,2.10625332881292e-06,2.92865187564309,0.624941941179542,1.00490723838087,731.027995407547
1.18737989522922,2.75051593177557e-06,2.88349700788256,0.68424746139635,1.09303697439081,731.027995407547
1.06853909191407,2.69189913385046e-06,3.07550432001457,0.566063905307974,0.992167801386511,810.515699946969
1.19158127347874,1.57830015096908e-06,3.32220838955202,0.594095288255795,0.975692969863444,1136.91899302609
1.0182204015907,2.22631495503595e-06,2.62211962699143,0.601992886467357,0.939242050179028,841.753434121959
1.1123771754034,2.04247490271853e-06,3.37898937826242,0.661233123403822,0.936977470502213,865.913595481601
1.13645408442642,2.37351273841736e-06,3.18841352136728,0.575430779635025,1.00945513785351,865.913595481601
1.16006787601078,2.05404723642082e-06,2.71938272805882,0.590672744642449,1.06362639997441,865.913595481601
1.1331355982799,2.1676341036023e-06,2.85041546958333,0.582097295516778,1.06025701887577,865.913595481601
1.09436542778791,2.03343671334426e-06,2.67900168058099,0.628855772158383,0.950435331890819,908.01030914509
1.1589370084614,2.612681084224e-06,3.30979443442301,0.576077605450992,1.06593185023963,908.01030914509
1.18847558631629,1.75536915173708e-06,2.98461288237962,0.629648843833658,1.07535204352037,908.01030914509
1.13194596996703,1.76915050883396e-06,2.65124698032213,0.672428459103813,1.02158357036417,908.01030914509
1.12535500611363,2.20287975416044e-06,3.04072596497189,0.57669795466868,1.04041539231592,908.01030914509
1.15969253523087,1.64938394338938e-06,2.99672307531254,0.543467502766433,1.08196286920871,908.01030914509
1.15300772742001,2.48228174763011e-06,3.32112136230052,0.605702100952168,1.03092024124152,908.01030914509
1.06438873148806,2.54365114477028e-06,2.99655841522486,0.61075697072848,1.0996508259957,908.01030914509
1.16753561958768,2.24359799769896e-06,3.23687983887268,0.654510958413348,1.02052112816264,908.01030914509
1.12007520542164,1.93640042174732e-06,2.37206600180874,0.441333567204381,0.917449156683366,983.572164904734
1.19031064127938,1.27525409166843e-06,2.42636926099706,0.621392664370363,0.985349172605545,1306.13879858792
1.15360385819909,2.12254466539999e-06,2.8161797205827,0.634058637328484,0.999948900225506,943.961959549253
1.18590143458832,2.16780635701481e-06,2.7312304942985,0.581931987001435,1.06716421707679,943.961959549253
1.00723436182844,2.07861232146721e-06,2.9264889175813,0.485136600854207,1.037168021614,943.961959549253
1.07450845494856,2.72741605511042e-06,3.01133492459055,0.662480954788418,0.923821909228876,719.490474727892
0.960444617777573,2.65170346910677e-06,3.27846292140706,0.669850244425602,0.958685029015794,736.861320486357
0.996732619502829,2.22326820127598e-06,3.37511198239007,0.631514260810135,0.938872986798194,812.909939264124
1.17299151579172,2.69351980075269e-06,3.10424547968127,0.669954353342064,0.987268130160436,789.700556018436
1.13594126487282,2.37033793113037e-06,3.20113968717296,0.65519194030969,1.06402656233114,789.700556018436
0.995537258798274,2.14729280069002e-06,3.13545109881831,0.638553508729044,0.950477219591215,846.584058791568
1.13408022047684,2.66284162821401e-06,2.63986150209423,0.654276815361463,1.0243127540769,846.584058791568
1.17391708028423,2.00235885633104e-06,3.23087336982704,0.567479243177591,0.971795735121315,974.170315807804
0.965162518496052,3.05522980277012e-06,3.17664194410765,0.67220401292666,0.994560512597594,717.748896183107
1.17471385578787,3.4957654000176e-06,3.18894258545034,0.603353015385297,1.03762737935054,717.748896183107
1.03709030490339,2.23291833996764e-06,3.44212605759754,0.542607971867972,0.994249790490107,919.246988832116
1.04531146611873,2.57867483888865e-06,3.41122840529042,0.601422810264587,1.0158434162389,919.246988832116
0.906115089549845,2.010297562806e-06,3.20168441934362,0.562124294320071,1.02408500413719,919.246988832116
1.13292555538569,2.14378889359505e-06,3.35364574684217,0.608562299515714,1.09794523559381,919.246988832116
1.06275950692544,2.77437835024981e-06,3.23032780547717,0.688077063334614,0.882008719124059,669.556598840407
1.16471868084423,2.43192821582743e-06,3.10920086439213,0.656970065530918,0.919020114386604,774.084586663024
1.03266504376179,2.89347041052352e-06,2.44018539315127,0.613836167395621,1.02590990579753,774.084586663024
1.1346336891501,1.86315718755328e-06,3.03817304741055,0.600054576892073,1.05483304332633,774.084586663024
1.0179057648399,2.41188271980654e-06,3.0362206943647,0.623661706242304,1.09500690967594,774.084586663024
1.17927800361523,2.09967359162127e-06,3.08724603504358,0.548007758325896,0.99014859088184,978.421495772547
1.18826884989256,3.00383037499319e-06,2.55740006446831,0.706605065427709,1.04505842363803,978.421495772547
1.07462075332659,2.49897808668505e-06,3.04578832014407,0.585603024539982,1.07412829804264,978.421495772547
1.0855406273395,1.93066233887505e-06,2.76503222451365,0.557695017638381,1.05729510763315,978.421495772547
1.14246390368733,2.63811090093848e-06,3.20164006936924,0.695951373957423,0.932513308639087,736.448703977136
1.00475940520032,2.40050366349409e-06,2.39033867970861,0.597564380138564,1.09675401378522,736.448703977136
1.06538416031531,1.90352880465832e-06,3.01018858807495,0.606382291166438,1.04817524268425,736.448703977136
1.07295163788014,2.4891571778403e-06,3.14209469782747,0.535363258571699,1.08953835250196,736.448703977136
1.02931111841154,3.00089506612167e-06,2.89425083544674,0.63438077542468,1.01260698337611,736.448703977136
0.924296679320703,2.60926960530096e-06,3.15904391943983,0.785962005258798,0.988244332013773,729.142980418372
1.10919706636277,1.99889349668755e-06,2.85441228670219,0.572038707771694,1.01443044734701,729.142980418372
1.00602086695273,2.73725976418055e-06,3.45059777246459,0.595138527748145,1.03463380955944,729.142980418372
1.12487130267465,2.84758520137202e-06,2.99950886678375,0.557460375582341,1.08019145326638,729.142980418372
1.12105366917572,3.29422304489549e-06,2.84923883832619,0.712792897702258,0.870167697466456,642.991592377912
0.960541498169917,3.6172057263612e-06,2.35596657322508,0.669151653534083,0.837379185097708,627.275664547058
0.924308213048542,3.9816539916145e-06,2.31287909503142,0.710159740855045,0.854214707061237,632.454960925982
0.877980829716133,4.19940679216322e-06,2.51957317048498,0.678462900947682,0.933354819805447,661.359750531078
0.933160247225033,3.9146375347982e-06,2.38794028288258,0.662345860694602,0.771560105728888,611.337800174538
0.892688222816276,4.2865677904829e-06,2.27980207651088,0.571404654537949,0.842545555947128,657.932154560097
0.849253433867722,4.04433093235083e-06,2.14556473797592,0.67731265071197,0.749466397832494,610.860267066637
0.831137465117314,3.97728876117566e-06,2.58849319098286,0.746782878617401,0.740155953290119,583.873442691652
0.924877986793941,4.06138306605921e-06,2.58486129181761,0.626722347131039,0.710763935115574,599.920480791982
0.805295289835198,4.22909076211038e-06,2.81078895802064,0.702707775783216,0.786665514213207,610.577456391861
0.915610044280345,3.86085717995027e-06,2.62956060762587,0.780734480313737,0.732285936261804,578.296438528153
1.07989451963368,3.94575418605867e-06,2.66369809661837,0.76658246158287,0.802548488217947,618.503817038823
1.10429921294102,3.61912654150003e-06,3.03756172061952,0.795918763581893,0.796271118183191,593.079928409065
0.90272628555684,3.99300020171801e-06,3.14783688873693,0.745601187247369,0.708783195944553,570.881781872619
0.999174618662098,3.34160886816009e-06,2.8645058502188,0.795241758131666,0.740049398199844,559.788345133725
1.08646083420979,3.60479902074141e-06,2.94277459773497,0.752934580836904,0.805159677855096,601.431650727235
1.19673857625422,2.87069193686342e-06,3.20714754079999,0.654276783899226,1.01965572878621,601.431650727235
1.03260843859326,3.41389633857448e-06,3.33022443421216,0.797158488297054,0.78431656388665,568.173806282766
1.00910162931064,3.30919462109804e-06,2.51605249351133,0.762393943138459,0.819329245945783,607.616408642104
1.00759825512104,3.2623845705623e-06,2.51307570841178,0.794987960360306,0.756730150210293,580.470537277136
1.06152685726821,2.95197273891292e-06,3.04174758154707,0.722097911321847,0.811600268359819,609.855448265091
0.983303688165025,3.162458788027e-06,3.32629105400006,0.798799223242683,0.80513445485252,570.673423026976
0.926145187589377,3.16721375120787e-06,2.70447724643603,0.683940325888629,0.879832385995267,636.251905872278
1.00688581503821,3.12203910498527e-06,2.20799556864364,0.786409089822953,0.856996418534152,634.005908549033
0.987474569691696,3.31959192672539e-06,2.19755105525698,0.745592323912717,0.852632700504651,630.211694127241
1.08542784995234,3.68328626575455e-06,2.52972087589192,0.787019852015655,0.753639933641714,594.470354629458
1.1186604146186,3.09678014440817e-06,3.25321638928478,0.799042214439993,0.77303658553799,574.0854538254
0.984236352713816,3.39283580552155e-06,2.85215149208794,0.772395404567889,0.766879014298986,571.745535633306
0.998837928157034,3.0707936038786e-06,3.1469172738093,0.728432569282467,0.744609340854413,559.066466929223
0.846189283880426,2.82638212150089e-06,2.88945951843889,0.799136563447059,0.835772172556668,594.487864387354
0.897799064941871,2.79013934370502e-06,2.86279122507976,0.720292263873979,0.725010448882301,559.0632365997
0.881647321134241,2.94429711732519e-06,2.70203411753035,0.697464204009414,0.742693249872882,570.473318456641
0.964253995673782,2.56905980063421e-06,2.62817528341917,0.602237995071971,0.750047989911686,628.657131761878
0.896166785941106,2.66771614769292e-06,2.27035684239749,0.725246471278549,0.851621104614188,662.983380840659
0.970232551151086,3.20978638858825e-06,3.02209748784392,0.753805889859869,0.707557820448047,541.517366901439
0.929366291249462,3.09628908958175e-06,2.81024576396711,0.631486705809316,0.738092960241852,573.076264219667
0.907281810225339,3.18601677826426e-06,2.57984296416928,0.733135435257674,0.725371211372732,562.532564241346
0.930972268995514,2.9460958994147e-06,2.79931117081613,0.679073450855805,0.744241404378618,574.839647647339
0.991179012547245,2.88024694870966e-06,2.81973420174783,0.75921067608676,0.848822878594707,626.79065516505
1.11180318491127,3.29700948292006e-06,2.66949011211353,0.684398832385677,0.889234824072089,660.417652866816
0.926346118522596,3.97414172914991e-06,2.63388158572736,0.763020471722139,0.724257305065725,585.592001583657
1.03968425455295,3.82315699107718e-06,2.98078584855665,0.704418660775638,0.795216546369705,606.165896293284
1.09895726432279,3.10166402075425e-06,3.41487015832621,0.743998121057515,0.70744144404376,541.568034569893
1.00912234431896,3.05921221668792e-06,3.33858461347658,0.716881654665933,0.79989965714248,584.269830804503
1.10981506109955,2.12685797426445e-06,3.4414927355935,0.790642451239233,0.745748281281087,617.673983108125
1.00058238322414,2.21048925562809e-06,2.98728429312477,0.761034052511647,0.878369571106496,727.105747831993
1.05806996520326,2.61380017369358e-06,3.10339869405853,0.740890183864468,0.719853911732074,570.686685108814
1.16135940335256,2.52339035439683e-06,3.39877944528758,0.748993281448377,0.901831429578294,711.384181457625
1.05948260383303,3.32265200940484e-06,2.59411837750276,0.735628262334935,0.755093633542275,589.693272341657
0.93139069681947,2.69017659574847e-06,2.97816846705632,0.729801563026247,0.854185894490287,638.183662772238
1.12814772334796,3.00889308869613e-06,3.41086270737528,0.796271458716264,0.715239829806741,543.361602425327
1.11902427108531,3.30429314758324e-06,2.8932506192917,0.709302119773136,0.849839291014759,631.859790043055
1.13120603646533,3.69833108123192e-06,3.29928451761499,0.725124594879957,0.702144420201073,566.861620717324
1.11100820042724,2.8003648186711e-06,3.47520315235589,0.64620436963813,0.7638388350723,589.975248367012
0.973391727015396,3.61818735921012e-06,3.32369553576302,0.796148736307155,0.739706528356938,552.748712845912
1.03130280052111,3.12667249277057e-06,2.6930484343583,0.748808519594657,0.796260098859129,600.447034084785
1.01871265578402,3.25682679171404e-06,3.02365633465708,0.756625662864164,0.724144427904116,553.524423625099
1.06078636963606,4.19763120783973e-06,2.94650092173725,0.732464188166844,0.701379824664795,603.040072623146
1.0849805084674,2.88110210189056e-06,2.96224343224714,0.721424967311561,0.709324885434573,565.433114705532
1.03292676128394,3.27585354214556e-06,3.31873747437929,0.773077002340698,0.703947127535063,535.420505594215
1.17098632219838,2.82133895171716e-06,3.26234528495947,0.74438588907215,0.834176406406211,635.081725086803
0.861135775666186,3.16129597955987e-06,2.87958975019894,0.74194748793639,0.723887024104348,542.863318834092
1.03641527177793,3.57627925242375e-06,3.40970972299403,0.755905335681506,0.741984599367622,559.632343273586
0.91740048911777,4.41106331533547e-06,3.39032861614038,0.715867972961232,0.824741368725372,635.25483097886
1.08381845370249,3.17882878899077e-06,2.88352663897251,0.769117451749628,0.79738849479108,596.253190566987
1.03591793673944,2.71156290257081e-06,3.306113605373,0.784457825106667,0.741457520776601,558.811486374834
0.880730901420309,2.83739693110696e-06,3.17708488340593,0.798707756542514,0.986177397344492,687.065575590477
0.979981904786602,2.8439889535743e-06,2.96066422104504,0.712002779091699,0.794543172126281,600.194759119275
1.03810383925856,2.51627872501474e-06,3.29642861862452,0.789142090013475,0.762813489340555,584.619172442664
1.02406499008665,3.01519326093148e-06,3.25003250506472,0.796584159450907,0.85918431338639,610.442257499816
1.03458043602515,3.02325383270736e-06,3.22196946361903,0.754372977794595,0.807731876292041,590.622014827577
1.01342707303203,3.94813796538246e-06,3.22454895346053,0.734221831054187,0.76412033807902,592.070091004878
1.05697461646819,3.25374622191239e-06,3.30957091593679,0.662661842558518,0.742088241525126,566.058912446179
0.860481603777703,2.81778399328777e-06,2.60960265760898,0.764881452883409,0.734771125731719,565.300379792561
1.08808367208729,3.33745486996718e-06,3.01090575817989,0.734976076877278,0.714238083952259,561.370078835265
1.01587427319044,3.0037368579786e-06,3.04450664367878,0.771300981451455,0.705552102039394,543.117189734198
1.0593140019891,3.10123935947707e-06,3.16009997078038,0.646456983059486,0.705253227012986,555.650179001836
0.939129734223668,3.09952199061775e-06,3.43624076470328,0.781250383254127,0.705580011844161,518.536074719633
0.962154141716828,2.93186012106852e-06,3.43612203090925,0.756396431154769,0.712597904079107,526.82580210249
0.842708776195869,2.79389531839714e-06,3.20799896212638,0.73566214843368,0.829549693195882,593.730365612234
0.965775121331142,2.73644584464647e-06,3.24909043240361,0.779010852232271,0.784657396049868,576.597926840157
1.10859578327767,2.92356245042612e-06,3.44687666913549,0.666492727898111,0.865292336461613,650.443925143054
1.09397810606289,2.88929274679243e-06,3.3775550738202,0.774604787127421,0.73113212311205,552.274794894532
0.873908220719165,2.86796722860751e-06,3.40157358027411,0.730513375425838,0.757172660617569,545.467003709468
0.97371074595811,3.36310821941521e-06,2.69147907339698,0.790912334041406,0.755802737798215,569.653153585228
0.939517512783061,3.21432943948053e-06,3.38744613450823,0.788300036639764,0.754149724794679,541.728316926919
0.941623276501835,3.55398246032064e-06,3.39430710611761,0.651968081144436,0.846359215902524,607.189206498616
0.884789036202327,2.41930379928612e-06,3.36944496511014,0.783350230470615,0.799094504204463,595.738156127811
0.908386433695451,2.62714455509827e-06,3.44685112479425,0.796349330245385,0.840126065894781,602.832159480282
0.98202097357193,3.41204510141599e-06,3.12914967820697,0.793303323151276,0.78705132626275,568.965739960689
0.944042740415473,3.08600830306758e-06,2.63454596125074,0.790287389389023,0.725700776220643,558.673843632509
0.858044323111527,2.59540975105023e-06,3.04240673699576,0.684295219446028,0.731433912260226,564.084506128974
1.04723882563569,3.21862593879193e-06,3.39394000326953,0.685686374698462,0.759503888116432,568.153594685778
0.833987952567078,3.10523231254587e-06,3.17044245290735,0.796504589688452,0.776826484469034,545.684623845597
1.03464718604446,2.91620485283449e-06,3.48346582305777,0.782431012744604,0.782559502808439,567.687227758647
1.10840079099762,2.91326480722381e-06,2.97686079492536,0.763410681910024,0.838028258602209,628.368954730881
0.955469703232195,2.19988591393946e-06,3.24792179471628,0.778235157761524,0.754661885674309,606.510676106745
0.927678710243796,3.61364079012186e-06,3.04518326351624,0.754354421387437,0.848754198612685,599.809672406856
0.937710409486684,3.31946455314454e-06,3.33302928346912,0.648121764775033,0.717519803842706,543.447404390969
0.889417925872723,3.03612348912847e-06,3.4492828779688,0.683396159682695,0.81739055797885,582.720629173586
0.932481298516741,2.85328510834577e-06,3.10854581264646,0.799721466230278,0.791963873299742,572.573756763397
0.945602397944857,2.8296891914888e-06,3.21865398639182,0.71995688123867,0.872644110490783,635.28586977116
0.827379933231026,2.49345409592037e-06,3.16042608213407,0.77893891424253,0.763711358802667,567.268976738636
0.90333929521124,3.43742279459676e-06,3.13099676891587,0.79389714537205,0.7111983771763,533.830726632896
1.0168143747546,3.51707057059164e-06,2.99522998815707,0.752930709668756,0.903865633491826,634.897233310536
1.09697728394906,2.89180035822354e-06,3.27618804389436,0.712470926819816,0.706925342432175,551.59775982524
1.04268473674499,3.3717387913553e-06,3.16641399865746,0.704755314244073,0.731526282032538,561.426617806358
0.905030869760901,2.9737342237986e-06,3.4276338563965,0.777825765172213,0.714612608960827,519.065221376842
0.880799906492504,2.83358208139269e-06,3.42090356533445,0.779191248922948,0.765767463164874,544.78713048911
0.811316631119702,2.79565420594841e-06,3.46304317359819,0.752860013686962,0.753205567445165,533.025927268232
0.880330715529435,3.06690484989262e-06,3.4143989050056,0.778334430250086,0.764667240485847,540.183546085467
0.826319628349043,3.26254844311822e-06,3.49334232659305,0.706407120738161,0.885482878209229,604.565961092002
0.953978269213357,3.25256654658091e-06,3.46508077039876,0.704750421529303,0.817669130892678,582.8021262658
0.905144417857718,2.6299605049833e-06,3.40594697963631,0.740299961092518,0.736027776040118,545.152957628107
0.888701576088716,3.10149583108997e-06,3.14360644320366,0.771341099792975,0.791107342668755,562.697226709953
1.02203308417438,2.35295197272801e-06,3.40913026886952,0.682007672494687,0.733894973407743,588.897388329049
0.987216569291566,2.60832957007438e-06,3.49494390439638,0.789416253711822,0.808556528751873,592.794539355861
0.873298018415831,2.75439327017643e-06,2.7190510739072,0.736323482928486,0.726372000889466,564.21749210429
0.893633703788551,4.01033613537387e-06,3.44805970935046,0.792423881726253,0.75929041284258,576.554296152286
0.955459608789028,2.44989315832779e-06,2.84079486706311,0.777798047521887,0.811846165356423,636.067565564649
0.98628069791823,3.97526854630096e-06,2.99208118448334,0.749645191977144,0.80152094654879,605.337586661602
0.817894878417588,3.07462538317389e-06,3.40854738894148,0.795127932113805,0.859794529796092,580.091115757562
0.820144946749989,3.40395043523395e-06,3.19996152436473,0.776138771204169,0.806555029687301,560.422285796308
0.865952675911843,2.92479471292933e-06,3.02706431571533,0.6598029772377,0.778381955667549,578.2718415341
0.94961143138234,3.01365825015786e-06,3.04072199315545,0.739041893449938,0.86515353612033,620.093565083403
0.971584267842068,3.008897716242e-06,3.43022912738976,0.785098561265311,0.769121842592193,551.945220063414
1.06031575097092,3.02254119934117e-06,3.42112032228171,0.761668039788545,0.784974443986798,574.211679229195
1.05974341067896,2.92958193741797e-06,3.28519316486265,0.77616219264538,0.731382288324013,551.205287072956
0.824139569843202,3.38239914980912e-06,3.1786827576531,0.770480064780667,0.795008933372936,557.001184328349
0.864705952183006,2.85221499777084e-06,3.29243573435077,0.71371611217486,0.727218615266369,534.90946356535
0.837457341757609,2.78622950522315e-06,3.35752114531685,0.799047618546354,0.753318333756169,533.904260418555
0.968123552596562,2.72451022250876e-06,3.49721229584742,0.769906741181215,0.743552894487248,545.235274782407
1.05433773121396,2.68270659668806e-06,2.87367909670746,0.719049760842915,0.924045314768737,710.516694760841
1.09038911316768,2.66825300016158e-06,3.02079615600819,0.69304132644465,0.748091220673624,599.101055638817
0.86823021949771,2.83476588771737e-06,3.45142607352776,0.72431080716849,0.813168236254421,578.691568935925
1.0922206761788,3.04628050973834e-06,3.27085214360143,0.747850550624732,0.76004030604542,571.340241724421
1.0145152002568,2.17143157676081e-06,3.45153808552155,0.716283417881217,0.75012943035124,613.837956617798
1.0277504105642,3.3970664884828e-06,3.33118519518181,0.693339829055404,0.717218314247736,550.636009160492
0.871754192530511,2.70447912875958e-06,2.79488994154875,0.674814201210118,0.709789331636725,562.181566583222
0.860928875988601,3.63588755668245e-06,3.07653680546847,0.785575580342818,0.81016188650756,573.586651803321
1.12501887292001,3.58671616718699e-06,3.19273050593839,0.792415320436706,0.710627988656426,560.590363991187
1.00216750422393,3.161792753745e-06,3.45353620964732,0.720287624101954,0.945844294594852,666.523557793434
0.87342558671919,2.9691855664356e-06,3.09635586594915,0.742607486170604,0.733121564029112,540.920665850099
0.852147156381728,3.0250537561539e-06,3.03246874185184,0.709641210584181,0.715295200880904,536.057414883546
1.04583069756639,2.95938209983078e-06,3.04147635830121,0.757845516193668,0.767827983816431,578.788667603628
0.866341816823749,3.03672854345401e-06,3.1845188165942,0.762587486904098,0.755037057090743,543.684534906347
0.973352028864649,2.43309323223743e-06,3.43491880871801,0.773228969788642,0.8266497675554,626.645982298412
0.875676799270954,3.16440276148931e-06,3.42228572336836,0.778296911220846,0.725496268193647,522.240965215239
0.976175153115805,3.06714660237842e-06,3.42695959346112,0.705984892152933,0.704188943011306,529.597032416018
0.982017337303274,2.57052273218271e-06,2.77134349607096,0.651025050475849,0.851684379023001,681.848640420711
0.857593662790172,2.51750039437429e-06,3.42467621000732,0.744970659268209,0.79067058392081,581.07486791256
0.892215507924509,3.05372244006565e-06,3.45854906190119,0.793615043048881,0.808787677765493,560.759354170525
1.03693133867053,3.0785169231024e-06,3.32757856546202,0.759524164303139,0.739560249933395,550.843557000346
1.01108973844264,3.81704751043543e-06,3.38960449528037,0.73325284382539,0.748649169081423,575.895928086485
0.918596415831758,2.42633202132377e-06,3.20852222594511,0.750823182646745,0.701496097006644,548.369548343074
1.08349445805813,2.63381380488393e-06,3.13970285393495,0.758443862647191,0.905085541368495,691.063240286825
0.972173409044626,3.18856790260931e-06,3.06336814206146,0.799583007151677,0.80706053331949,577.068221490937
0.970348224078761,3.18206283486363e-06,3.17807523827104,0.694891029137357,0.747986094057279,559.670975919097
1.16250650046159,3.31469202022264e-06,3.05064164815946,0.653675276912706,0.73042471334814,583.367666313667
0.863597963723595,3.55525806696273e-06,3.00473616432477,0.784678066154352,0.826821990714927,578.959589793224
1.15192912768805,3.17000040463547e-06,3.41469353213284,0.726419617849583,0.816925251509386,605.332083202324
0.9154981275577,3.37069730750372e-06,3.14534720523203,0.765334882194526,0.721591328396307,538.591719163357
0.895036273013253,2.68153677043395e-06,2.93952017087455,0.78007757463636,0.731394473619967,555.296369560814
0.967673206294696,3.36188022711401e-06,3.06274721191965,0.78962294048825,0.784822329391552,568.120637038388
0.984631363440687,2.60889472404077e-06,3.19360198174653,0.775899628107949,0.836207805757604,624.587380137865
0.850341566012679,3.28471109807469e-06,3.15352214344905,0.788712581014959,0.736607940196616,533.456696683411
0.994557927524907,3.30093567792259e-06,3.49904745240388,0.775415649909865,0.843541087448101,589.645354080507
0.999314325896115,2.97003153960197e-06,2.93563126673437,0.729765155687336,0.700924319241631,549.30221216657
0.820964412149686,2.70626579296074e-06,3.41790332855096,0.750871776113667,0.707213987045053,513.602472454333
0.936439346861557,2.42262031942785e-06,3.32121085626325,0.703427528484978,0.720065976807466,562.683717003448
0.881910831689897,2.85969404121131e-06,3.49743642782487,0.781253064768587,0.725018173102982,519.760884087937
0.888664469565169,2.95695838206479e-06,3.46587852046586,0.699864296989043,0.724201605614337,529.345013312704
0.884931671034891,3.09779589636758e-06,2.81340287661695,0.748934729940441,0.753558159161882,560.184312877202
0.814173872206994,2.64055690283679e-06,2.99318756201852,0.666552730721708,0.907060783575356,679.615014386795
0.851032793248136,2.48534979280697e-06,3.42499021557184,0.750999096150925,0.877138782914203,648.948051449799
0.805998779773324,3.17565864785386e-06,3.04883869872945,0.72060949664821,0.807436645709644,569.988313133629
0.806296769259259,2.06773917133936e-06,3.29991215438293,0.769436127013887,0.714151438165097,571.843325830725
1.01176841084597,2.7403448191542e-06,3.15799076371098,0.798906074760438,0.76335502611286,570.765096384066
0.831688084892678,2.39386963501198e-06,3.00773481306979,0.666237555089629,0.786533663497794,621.264798309805
0.89956541836426,2.14891259567466e-06,2.37310048413895,0.72979048315933,0.731463431740239,664.523218802459
0.906876919603433,2.49247973024349e-06,3.08949077702162,0.787268435843433,0.719572784481046,553.859196134918
0.90876504666577,2.52169008405872e-06,2.75005853347603,0.784359802674236,0.719791907039748,572.760802882359
0.878514150599482,2.71950402924417e-06,3.4609577276316,0.72549506437424,0.921257438598342,666.606737538791
0.837215371997264,2.78425427266501e-06,2.80614846264113,0.748684961059383,0.776349501498586,576.595418661204
0.944386523860492,2.62074353773023e-06,3.2314035410743,0.743561833696386,0.881260878099989,655.851682246246
0.847177550508441,2.75563701684731e-06,2.73774448557746,0.753477812530972,0.712635194880446,551.040755499699
0.81022961141538,2.63325149957287e-06,3.48112308286904,0.739650552919335,0.865095453402223,618.274771980823
0.992964158297883,2.33955579090937e-06,3.31835000296082,0.789208070285535,0.868505120831149,676.350518176261
0.927757504751365,2.73759119041763e-06,3.487824623286,0.75241756008854,0.703506430015589,519.93999367299
0.956718615681558,2.94555811030447e-06,3.13926998204782,0.785521924779145,0.899487674656727,634.040909338442
0.912231927307307,2.99798238613902e-06,3.45851046351967,0.712498348355591,0.704155230964626,520.585589071978
0.887594544218038,2.38130152294651e-06,3.36802637911952,0.765620978029932,0.818668239337463,618.721618521133
0.815565942402908,2.70649258436924e-06,3.43949079655391,0.775538846075063,0.761947549097446,539.57229128507
0.827910197746409,2.19148619337886e-06,3.30948706101595,0.739159946376028,0.761969370154244,598.924470544737
0.818268995533401,2.77563862372922e-06,2.98650777280564,0.798720020787014,0.732047968929725,536.968486298106
0.804597545387169,2.99122670450005e-06,3.08429140689403,0.729589076237686,0.716301695201731,527.342482497595
0.807989113935836,2.95564764318631e-06,3.19146719819346,0.711119213494568,0.86654217034599,607.755218951776
0.867769365970623,2.81493844965415e-06,3.06812234984858,0.707635153409847,0.982735508006341,711.502540636448
0.850828722202785,2.45416637148728e-06,3.49595602009272,0.702324747027655,0.70897433083687,533.051326347015
0.826915995489815,2.44806515976046e-06,3.47317906393706,0.714931679002273,0.744874151485213,553.720086460533
0.805403034637147,3.55048923797028e-06,2.99498628017102,0.711722645206678,0.742160417578032,551.465683338041
0.804273701577638,2.03379774419562e-06,3.00202977683455,0.6885413152615,0.857802868983278,735.218635264989
0.851324879602258,3.19142548342692e-06,3.24195993502249,0.780621552431213,0.800713642604519,558.033041244403
0.861419886643608,3.09161276395402e-06,3.18090476834211,0.769116402416785,0.851553928321957,589.640640603836
0.948215983627812,3.10206404286872e-06,3.33578955864409,0.79477175213185,0.734475303230383,534.170382424201
0.967609077159878,3.76902827359327e-06,2.81064339429358,0.70933935599014,0.798556203664056,600.720092253475
1.09915806164762,2.90537634484361e-06,3.43363269297655,0.688297217671927,0.796769272262169,600.075722883837
0.992909786152317,2.58050038198527e-06,3.30358130794408,0.741769707110589,0.713549710801951,549.853534184798
0.853943947963537,2.62512131647074e-06,3.37326296227571,0.796210494710299,0.750384589319042,541.117868083236
0.987133763232445,1.94662948901289e-06,3.42283454446822,0.795113454188078,0.904286168504039,784.051464274269
0.819679300835041,2.99807257505353e-06,3.38750102635328,0.672063753350598,0.749451329445085,540.559348037199
0.800562624747123,2.91490088096153e-06,2.67702219907807,0.728616434575959,0.818671834277612,595.051891232587
0.865942266706788,2.91486845113729e-06,3.41557139062131,0.730044021193223,0.703644094949863,515.424517018364
0.942356306281193,2.30739427200364e-06,3.42333311859324,0.707534001215232,0.812507275847274,640.880358375494
0.985596661252675,2.67031223698396e-06,3.16089310244173,0.795335478158103,0.738284482441067,557.799152772945
0.907110996768496,2.49989774948353e-06,3.2971125362738,0.765066343614689,0.807192942673617,602.695619524406
0.818181931029044,3.24567816738436e-06,2.96854562862982,0.664027726141968,0.728658828679351,545.790339157832
0.825496351336473,2.91071917285521e-06,3.28914564610755,0.633530688274713,0.760886097086682,557.578259006546
0.906156732589689,3.48558383211539e-06,3.38875691576923,0.716115348773707,0.844995947487617,591.534113980109
0.810846518076927,2.98734419608124e-06,3.45969428404487,0.705668200945189,0.718199918935204,517.479475823027
0.852345906809518,2.18917166718792e-06,2.89621720186122,0.74099919284331,0.703113974766427,587.90952283787
0.882324848585585,3.7214259478054e-06,3.21071601126001,0.706449965980876,0.704335999578961,549.746267865076
0.927063655198891,3.00830021882243e-06,3.07631407455916,0.734617884068839,0.720673072853239,542.319874148904
0.923180887502903,3.18764276484775e-06,3.35576024747727,0.564917815010979,0.789343162624552,585.964646503069
0.876709399276508,2.81586907541125e-06,3.35279867679478,0.76550041885479,0.707735381060416,518.616302724362
0.962420496632108,2.63209641112572e-06,3.48614743756743,0.791102575602711,0.750762808395845,550.321891066002
0.810517579530224,2.48312727310755e-06,3.0398852388997,0.66015258870657,0.728257883714314,568.279809216924
0.829319419169724,2.7853417816686e-06,3.23419766775211,0.754430046217355,0.770448848371052,553.346223619898
0.854118258006919,3.16377994987826e-06,3.3868164817556,0.651085362409049,0.872343109746221,614.257969823152
0.881892181797122,2.48902395975334e-06,3.3322364389179,0.720646575410151,0.749481301425007,566.500657725338
0.838486061830356,3.73381276379735e-06,3.37611916565366,0.709370070451146,0.807624236146916,578.788234333682
0.840812935010557,2.74581216484618e-06,3.1441745487153,0.721145538782496,0.811940995457864,590.264769688357
0.856257432978759,2.4136786011454e-06,2.89465291027846,0.772257826463716,0.751730472764921,586.996292609494
0.897457711132135,2.86418978677583e-06,2.59849596015668,0.752385043177477,0.753011251367248,578.200752426614
0.831011132286669,2.75667361584467e-06,3.39927010977475,0.628413133112047,0.79805767646315,585.703203532485
0.984135529248113,3.03847847515059e-06,3.38869932633845,0.736998661654824,0.795242289286302,574.687933711197
0.813415199802487,2.82342149224453e-06,3.0739234917994,0.71387776661506,0.798623594263592,578.057269060158
0.814466140763438,3.27917768541636e-06,3.24742046162971,0.692053391296607,0.871714010045775,601.715424869831
0.862370002232979,2.98200859456287e-06,3.26902517241621,0.679523684999307,0.73101868474166,539.05599387648
0.849424514306972,2.96991069684276e-06,3.29665491562122,0.788902399999621,0.72825732696667,522.770030519596
0.938146881593191,3.11296611850221e-06,3.46452898236187,0.680825627061981,0.73739032635199,543.082098380509
1.09436287192408,3.46745427463154e-06,3.39311698610055,0.73590712678976,0.759360785566316,571.414169157422
0.832130263678866,3.05120949777654e-06,3.3560048600481,0.701911400348242,0.85574977813983,597.459281560543
0.882021624735208,2.94559276739143e-06,3.21605638888498,0.656789793874873,0.718111479123095,539.944235201812
0.941264975084743,3.05824106743893e-06,3.26753896232238,0.697939745052454,0.822718556005304,593.81845504213
0.887503087656817,3.18343512289549e-06,3.41445292665372,0.575901519778699,0.790630382321996,579.623087035977
0.909127231171101,3.09308091033638e-06,3.38785426821999,0.756561127583509,0.806605540159693,568.155290011297
0.933767843020943,2.71433160713353e-06,2.93439146559089,0.715385834604638,0.712020410773113,557.231446672139
0.89950905664441,3.23271731163937e-06,2.8085357031421,0.745309350921849,0.706322283416842,543.064713321654
0.83295908537651,2.78800896392704e-06,3.38756961950226,0.71231463876492,0.710258935436472,520.041896421905
0.981868545820605,2.04486371603741e-06,3.25973860138292,0.702220054271981,0.73251338035255,627.877577128125
0.995691691911561,3.02955052759925e-06,2.83861953892512,0.798113106161826,0.970884242908286,676.776827952929
0.812078705698424,3.30759300968884e-06,3.14329857093937,0.722466412002645,0.75854781394044,546.249415306308
0.906375689462644,2.90294047247921e-06,3.455740467505,0.699852198422417,0.818530424847371,587.485666773968
0.859093618948647,2.63509997270903e-06,3.05121559264896,0.770014858626443,0.866931732671585,631.440640776831
0.940184480796065,2.74943796312834e-06,2.9170856111814,0.698988865035074,0.813132944183273,616.302430738113
0.84495465449543,2.5964827404594e-06,2.87659754046194,0.640383662724508,0.729192572132714,576.595271935631
1.04949813931446,3.18113790945995e-06,3.4690913773723,0.706162075277093,0.876029559789861,629.047486718988
1.00707032111084,2.85301108928935e-06,3.27261610765332,0.637338452410983,0.780472812331243,593.854184183763
0.953338002837304,2.26382565229843e-06,3.42872939487489,0.705698975589778,0.705775206437915,563.511764416142
0.853673096897432,2.88794247487038e-06,3.28669574466404,0.72579576540687,0.75127540553402,544.129502626892
0.817038931044947,3.0538800127332e-06,3.19346037765901,0.644849653325221,0.868210338868415,616.881273237827
0.964874969362962,2.19749979352945e-06,3.42965597741654,0.686723096230432,0.801091491760901,653.916624101841
0.866321365249317,2.26924437574315e-06,3.06031683482407,0.735329912011495,0.740467575951888,593.81373945841
0.918002700191956,2.13954181402875e-06,3.49462094935947,0.611346619181444,0.710129816565137,585.368742219106
0.845298208888804,3.20679960070946e-06,2.94859311499148,0.739321367385214,0.701360839686039,530.36907022936
0.812004361023818,3.75982275007367e-06,3.40384782413339,0.707007364600305,0.759955250986455,560.701500662375
0.91673737412308,2.72330452947957e-06,3.13197560920688,0.556886688753615,0.752100458714127,588.947618349703
0.858265399785881,2.18651820249245e-06,3.46562271059465,0.777186209936798,0.740974297454011,571.846537036981
0.834542712247242,2.15752215202473e-06,3.05053143888725,0.6572721763852,0.702724467675829,589.935314747231
0.842600076316979,2.4584400110471e-06,3.17283463227386,0.764980654440139,0.768171762980483,577.06936645223
0.995921077927163,3.01965471050097e-06,2.68752138751681,0.645096297099767,0.712891379604006,575.539728069242
0.846096526798497,2.79047782953644e-06,3.26441896692605,0.654766746355526,0.762671567813719,563.726007694104
0.98154258503541,2.87094773999479e-06,2.97999726503967,0.768370147362156,0.720930338701706,552.317076149507
0.823972461650166,2.40190753952074e-06,3.35938564474229,0.739816183673875,0.743149635422948,558.067518024762
0.954734387811352,3.13187726032061e-06,3.32809956760904,0.740425719469471,0.701605228351726,526.678137818831
0.920344859105525,3.26017011120217e-06,3.2289735784569,0.733341513928169,0.72619376387283,539.116030719591
0.88928906301033,3.13165640931403e-06,3.37620691345878,0.677907674054536,0.728944647620642,536.800521392644
0.825177591470948,2.7195053612547e-06,2.88322789324143,0.690179681196524,0.826073856239549,614.608453409553
0.900763594667922,3.34731812507779e-06,3.28418943242188,0.670540228336617,0.712728738594275,537.930907770515
0.958704537009791,2.69993823190482e-06,2.99769103803915,0.765258771313557,0.769807848778055,582.18570852818
0.944901745707889,2.61162134789822e-06,2.92916412261365,0.675191774905848,0.822831324610194,639.76055967235
0.958432571576408,2.59429760807719e-06,3.17339077758542,0.731815738236468,0.754300512414393,577.21002468585
0.875222819564362,3.59542357418408e-06,3.34318259669175,0.677181079100976,0.754478774209665,559.010494091588
0.843802894672492,2.45555733941263e-06,2.75525812167412,0.735804311367421,0.798706552525952,623.912124621974
0.918089819730217,2.88975821307066e-06,2.95664518582447,0.661808391401067,0.711859299558891,553.440132801137
0.857096869529707,2.67571623444957e-06,2.77578778174158,0.655657788606819,0.715763743053648,568.806001793474
0.953156790984916,3.03747711286373e-06,3.4029456901241,0.701659149773554,0.719943452853688,535.85392006556
0.987935877824291,2.92021594763498e-06,2.86578333399414,0.676093018942499,0.738482555126589,577.102048982026
0.833040647164608,2.72665369581896e-06,3.49783604607642,0.649447713525264,0.754687769882366,551.820438347668
0.845613388666982,2.51936122451725e-06,3.4275020620049,0.725149040671338,0.709161292966639,528.683037384213
0.835721123441494,3.3017019922691e-06,3.25083068775263,0.716715016195055,0.865246628295737,596.19566471363
0.936454424374941,3.11747287224238e-06,3.28895566346822,0.730525563428337,0.702258498243376,527.17434597734
0.841815650644109,2.41403540511034e-06,2.78125890041432,0.735915377631213,0.798373272862426,627.156068688639
0.948655579043516,3.11739175369697e-06,3.22294599594338,0.729048136529597,0.782582767620744,568.517434102464
0.847686105374355,2.65037260793353e-06,3.44453949030415,0.665074088679228,0.764355651164314,563.957912763946
0.988168610772886,3.01346372653794e-06,3.46001936900335,0.689844357656806,0.776720762769341,569.796959723552
1.1789305076792,2.97764764190954e-06,3.08480001944541,0.660162802149191,0.778363800538462,613.223622669382
0.865594402415305,2.95820449014365e-06,3.48428374187492,0.705694414631619,0.719447489846438,523.030944168123
0.975734665677191,2.12817591292873e-06,3.33649119112439,0.699664966794409,0.785354802872626,654.607854217907
0.919303906105112,2.2231537720254e-06,3.22241011781785,0.694875626878083,0.887316805251581,730.671706444536
1.00761482853082,2.96550444850116e-06,2.69086053594858,0.698818813371788,0.774261274058745,600.567545017158
0.923077059114421,2.85051888750111e-06,3.11129034582756,0.755039266933847,0.797920536168909,581.839643348775
0.88544235910474,3.17458133773263e-06,3.23922613610394,0.727892882151135,0.760501575154679,550.020016841449
0.962244840361211,2.95332830048915e-06,3.27443012942364,0.693472978246277,0.908853368055635,657.562044680821
0.951450480765437,2.60385842317156e-06,3.22805690697209,0.713044762185198,0.731658341737102,561.687583262501
0.81542497895208,2.77089183850666e-06,2.92111985127487,0.762811016655042,0.743032446367755,550.20968978373
0.8299715653301,2.80066769224123e-06,3.21669801171188,0.670135016775491,0.790508566620915,578.034465747672
0.886393247829486,1.98277331576502e-06,2.84430387419584,0.705125031344976,0.853141876262387,758.245763408665
0.915441296276052,3.18513989850985e-06,3.38471301986691,0.698141084204278,0.733934413221721,539.898879323803
0.847460969267093,2.97272188771125e-06,3.26913561576372,0.625067136918135,0.751355837089386,554.957949074881
0.873382754833506,2.43828087822725e-06,3.3251707688016,0.73831371128438,0.722283607381484,549.534142068109
0.904373405229593,2.9533681602793e-06,3.31955955985354,0.685630288240716,0.70251528279604,527.227938390018
0.866546760612399,2.29366071741318e-06,3.43291972459281,0.752908767265116,0.741345813235412,567.378764556933
0.854077007098111,2.12098932775745e-06,2.74905309995766,0.744710040545273,0.720346972400541,619.4838230164
0.899728533236398,2.45237643788151e-06,3.18864360459671,0.741205509905384,0.793592245962795,606.094064114051
0.8259278920897,2.98414107615769e-06,3.20199696515242,0.695291283736871,0.733440078764974,537.018853888758
0.99724033211379,3.23978721899058e-06,3.00293177770863,0.635829437003171,0.758883048985786,580.674632960682
0.887845135432756,2.73340284180953e-06,3.20146258543673,0.671422426416104,0.808215641561298,601.397778947232
0.984614520912768,3.0410457092912e-06,3.34270832144491,0.744052017000931,0.719598607409933,536.785553638691
0.88986131147866,3.13695017980778e-06,3.13378907900207,0.798635511760545,0.821201522697592,572.960010051406
0.840165971749987,2.54061418092146e-06,3.29644236688887,0.760164225950901,0.804828770245545,588.955019712954
0.882813661460633,2.76487841338923e-06,3.28112324866439,0.6765735656386,0.791634167360986,583.962133844112
0.978045405487806,3.22913423793383e-06,3.27681389698528,0.712364381791428,0.856512252557817,609.987010020371
0.968739705534457,3.50227477002151e-06,2.68575373003482,0.783855945857082,0.783877387965663,581.615445525016
0.887018078065604,2.56425965656855e-06,3.49004331645244,0.778019937733056,0.718949481850136,527.453658591774
0.823354037761515,2.67087212258681e-06,3.32645227323301,0.758509618419229,0.781134214701193,560.849486617695
0.939721664216677,2.00440865789103e-06,3.21463455429202,0.703291425771874,0.882403586026326,774.364012700531
0.86294669740014,3.17397248832386e-06,3.47115023200021,0.707512477740011,0.835840131687744,582.577479119913
0.910596831281231,2.63555443108231e-06,3.38852612078214,0.71508437869095,0.709075329462107,533.476926479267
0.983190550239533,1.74376247576624e-06,3.31703804198207,0.667080491833077,0.733270984685757,687.765858940328
0.933439639303314,2.70604131221028e-06,3.34300776727364,0.737038027824078,0.862953115697292,630.477093448822
0.886226520949597,3.42768570530493e-06,3.42270638994293,0.701707012182138,0.754377564220601,549.288348793332
1.02263219428459,3.36414448445057e-06,3.01718326541469,0.691825126569219,0.862092325655371,624.86055374787
0.851458804599455,2.90542576360407e-06,3.41972872377604,0.780250314689899,0.759124726584653,535.827156927493
0.870528496981837,2.14582190488862e-06,3.12901399363628,0.641637757850105,0.763773449130452,641.715424183364
0.800530074764328,3.18477347250564e-06,3.36005257559593,0.668620393905716,0.730365718320084,530.664128010066
0.93622541447557,3.3723374210894e-06,3.49395157525857,0.742839594832036,0.78880097592575,561.527043642312
0.913143503273043,2.81399643009569e-06,3.42641481528969,0.570313689651306,0.700823630477178,537.208877737543
0.844419005354517,2.8897246517092e-06,3.47441062027939,0.670402476761885,0.771270948812455,555.098943459979
0.88021480854558,3.31787983535692e-06,3.34224151460572,0.582631204847123,0.756362617363542,561.795375454077
0.894189425008483,2.53964139407768e-06,3.26206816666765,0.721058037770654,0.824431592493822,619.210687077108
0.886321768185596,3.0325168160647e-06,2.94994455381023,0.784370535579752,0.811403540922708,578.098138597008
0.85954261386511,2.94148396772692e-06,3.07666408024964,0.714051170065296,0.75625415086916,555.70069510634
0.907166694787528,2.69900342051647e-06,3.43263023821498,0.69803316516747,0.733164378519954,544.725253593366
0.860212765529517,2.97938262522871e-06,3.40116492284806,0.697995969689119,0.765454173694603,550.201618445448
0.890581725998568,3.08577558415776e-06,3.36407024663629,0.720167583218885,0.757510571665885,546.545168241685
0.966423469390679,2.71191005688866e-06,2.97276756253089,0.714327148084532,0.704663824656643,555.435471939532
0.930970171903879,2.77109712493235e-06,2.74307669682911,0.642470413239455,0.765263743287246,602.753851418123
0.965781716349018,3.18298298237417e-06,3.21225412217253,0.645424519220634,0.766166218165479,572.721368550561
0.820061969829393,2.73058731805861e-06,3.02408240202683,0.73462175717916,0.756974838793811,559.290398021429
0.840473256665348,2.8876902864357e-06,3.10284780467214,0.763462242154687,0.873882699185709,612.434256268368
0.817326707783624,3.29148173852553e-06,3.08987037842531,0.642357990778649,0.891615358158781,623.96463392659
1.05836264676847,2.99887069796812e-06,2.97782470012547,0.724408206664121,0.868113669577158,641.171514753856
0.84944575794586,3.55782383224591e-06,3.02163865559634,0.71437536204331,0.746880916895996,556.449851436172
0.809941913769318,2.7890998843674e-06,3.29804121480817,0.59673932640058,0.733475347917933,548.008106216804
0.971892860197491,2.57774412881416e-06,2.9329967479076,0.790259491345345,0.76912301110131,591.940345481652
0.819538665787963,2.97637924866113e-06,3.38192986846471,0.715954249883887,0.705848253614669,514.130373342288
0.800254467101869,2.80176011288639e-06,3.35928336217894,0.782179011333672,0.811526522866083,564.179189126662
0.84500730567779,2.16111047928011e-06,3.26114215591656,0.619056446697537,0.762899493799962,630.797885801127
1.02081011181863,2.80166513667395e-06,3.01735543544194,0.750441758689511,0.781930721690915,592.240701447751
0.971358375138008,2.37219588044835e-06,2.69705988009858,0.67038912039189,0.705758841241996,609.119234758438
0.855543331282367,3.02079599858417e-06,3.43005130805055,0.721886285695036,0.743485079609867,533.727026138454
0.885925210354289,3.4740431591057e-06,2.74623960378806,0.699374618398623,0.768623482506887,575.001139782771
0.821352951323897,3.12620719417513e-06,2.99694467665277,0.724734002427632,0.712637691791072,531.33720475653
0.95323588404669,2.64150401972719e-06,3.41289458378921,0.678965269004972,0.732230982456381,555.678242289001
0.894479549515235,3.78461065090692e-06,3.28042862012206,0.701383934064219,0.825266933748426,595.452186911079
0.876603114254597,2.81173835303279e-06,2.82628481239479,0.773182570295115,0.854119954612496,616.698934144949
0.965581417750747,3.02207972771284e-06,3.16879612120687,0.630840896807891,0.704036170980816,546.01200130099
0.872026129637381,2.49091019890014e-06,3.23253190520662,0.729878722775116,0.766516131946838,579.795353255818
0.898047493026792,2.68728640837451e-06,3.00681761560675,0.710734559121083,0.728380959970882,559.827283534972
0.910835030584167,2.44160944380347e-06,3.39351362174234,0.792283576198102,0.737856445107411,552.997439006869
0.936772571163273,3.23068005425798e-06,3.13994412848045,0.745065484783122,0.800668602484499,574.985677247474
0.914523189811162,3.41598894584134e-06,3.06758678048646,0.761874975717198,0.757371063647182,555.663946968722
0.913211926627424,2.73892702674294e-06,2.76675232848847,0.735343383930181,0.765187649369543,587.268215258999
0.802925907937256,2.66349065302951e-06,3.34581790832428,0.65285150110082,0.822282000272635,603.787523170364
0.82092857613772,3.89038258687383e-06,2.88317401394346,0.745627984078631,0.850884047079354,603.111836981883
0.987825887129457,2.58774368369568e-06,2.86682464951109,0.683536317367863,0.723784277329068,587.142030415383
1.04600094181221,2.40909309581552e-06,3.2298377053875,0.739355748467594,0.730330998146963,585.448552322695
0.879778711856384,2.19023827171125e-06,3.38168292026815,0.659353398553,0.716463908361291,579.242898603969
0.888996312986914,2.86682132423787e-06,2.88332330545712,0.770677398247569,0.852429152975746,612.164122183099
0.817154353616488,3.08875778448607e-06,3.01859849874199,0.642169154305457,0.703084448683213,534.324489843273
0.928675409041796,2.7684249615309e-06,3.1664672465769,0.686185285377032,0.804565261902811,600.42351313407
0.863817765757799,2.58601187572772e-06,3.24291307536548,0.729787774910163,0.708764436900159,535.45905787844
0.807616927863781,3.35835891533975e-06,2.7166020128929,0.74724463896661,0.701161886563701,537.78365302476
0.90409240348942,2.85357192245729e-06,2.99836696269846,0.751943452228359,0.817156621773393,594.722649035827
0.849165035129954,2.95161408841722e-06,3.26302551678833,0.627385094245715,0.725646276135945,541.527373422388
0.875029982371409,2.9363886629987e-06,3.34440735842807,0.782996935874647,0.70298803844998,513.094379264819
0.978604452435573,3.08204558985596e-06,3.2420057528315,0.652742610087466,0.72390667558258,551.771124256528
0.937948076371424,2.54062814946519e-06,2.82648380895501,0.780255741097429,0.795792309092785,613.540690560414
0.874052059352015,2.97869275465562e-06,3.49010335198558,0.721650541520159,0.711172106908003,517.866036805579
1.05062055987561,2.84048996477047e-06,3.34133512751359,0.761138477789389,0.80925151072296,596.241992407571
0.86237970848273,2.62474745515692e-06,3.44050797064982,0.795675954195836,0.72852179776645,526.77811647142
0.803798122844961,3.2315784668705e-06,3.26057811257334,0.752606068084768,0.719368405598561,521.785701344687
0.984480738966185,2.94069047880728e-06,3.41401515701684,0.741000830746838,0.789122951621613,572.652094300478
0.850685241535357,3.55319452842298e-06,2.79961020927583,0.747859947177434,0.727363814888613,553.136004223832
0.913646122714528,3.36158060851286e-06,3.28247145853036,0.740879773037733,0.700620376981407,528.590376362576
0.955791266501404,2.72138445490818e-06,3.28936419969085,0.739410192377123,0.755064685814391,562.950255680506
0.884343520269234,2.61369162756486e-06,3.0097572806398,0.724217622875705,0.730913942402198,561.90740265692
0.920181018197193,3.07492054765332e-06,3.13854752618261,0.754173953823247,0.950051931483189,658.905881198623
0.802196359994144,3.48991428044286e-06,3.49159479363529,0.75234951562462,0.711059411249244,522.069007668938
0.975232081796173,3.46807563851428e-06,3.10205334708137,0.727996381672649,0.767430907060169,569.894560999475
0.863330529050498,3.47310360463943e-06,3.01420061254446,0.693427908567739,0.728401434748018,550.373784799968
0.864208751376298,3.10834185941483e-06,3.16755185088076,0.729653741764225,0.715790088122162,529.781097869054
0.833610503412154,2.59837304838231e-06,2.82059106096264,0.746037941445891,0.817858207669966,613.940466313771
0.820693365459351,3.04155112296498e-06,3.13666675181432,0.73197725727214,0.84110723214743,588.099434331729
0.904051517492033,3.18616723150822e-06,3.16875363494257,0.749994584376148,0.743407478206518,544.066019764631
0.894161413224019,3.16496440759008e-06,3.33640309779134,0.718330849217541,0.891512279868405,619.607138254921
0.933834835811433,3.35083479575196e-06,3.34525319387244,0.698000349939897,0.7604369945065,557.008012891019
0.850440322327054,2.60470574734588e-06,2.91976693907577,0.774076975708852,0.734802121118389,558.191452882514
0.980676949443109,2.41728004799274e-06,3.43281978744875,0.786420516344921,0.827159400726553,627.338112185422
0.859451089070044,3.01934273298328e-06,3.377040044893,0.752671395477961,0.766265184480635,543.499732228945
1.00285239902171,2.80008703627927e-06,3.03566604368193,0.793047451318512,0.738980522673572,560.279087462906
0.804266675854884,2.89399880907585e-06,3.27060009301553,0.721239096880518,0.71925746129362,523.281605642833
0.929384904439711,2.84159196344041e-06,3.19948170915586,0.654972035166667,0.788551454434626,590.103480581101
0.971101762024658,2.91222130086909e-06,2.87129226684144,0.779415343319592,0.725206650250019,555.537018394998
1.07742393274039,2.46327968311812e-06,3.30029123769012,0.784359532007869,0.725622200968647,571.361744817717
0.975150495921274,3.04578797865861e-06,3.24594014068471,0.709891383573416,0.832380669813837,602.736702009647
0.855513148685958,2.70868662193503e-06,2.88073466507613,0.578544492695694,0.800220902646317,622.943176379087
0.941744990188069,3.24951872470249e-06,3.00798945132956,0.74676726935869,0.70648474307388,539.549215439507
1.03997604966533,2.96929581511433e-06,3.32241682561871,0.679528323537103,0.744271806937514,564.914972279105
0.962620941752468,2.55579762510391e-06,3.47112182184269,0.794696226444283,0.871411730999497,640.119965825555
0.903269798608759,2.43913328439645e-06,3.41854091595281,0.725565203989204,0.731738457732543,556.456255726252
0.863709531712662,2.1591395563813e-06,2.8814256319288,0.764630925040432,0.709668885743044,594.437880004466
0.915960830164806,3.20256621153846e-06,3.12604786261703,0.694033400036034,0.746044802416779,554.429546465542
0.891587298205717,2.78303064186116e-06,3.41429884054594,0.778683576682638,0.839218227736819,592.899795513168
0.802774686656507,2.20158327211072e-06,3.08774291445657,0.791127153196595,0.82908766472789,647.479241799084
0.861222578851137,3.21422693771152e-06,3.26451175282746,0.742382237896239,0.783976299389274,555.816096647655
0.98946604259197,2.80951548435237e-06,2.46123956726702,0.680195198814971,0.749717597601154,609.983982335298
0.992066082883457,3.25728580338267e-06,3.32559690029144,0.757869479105678,0.7687210268315,559.651943174278
0.82244444306749,2.94752853091663e-06,3.20410565385128,0.785325150258155,0.793580166918797,555.657392494002
0.879857555620378,2.15510739717374e-06,2.96728369415305,0.723449393268236,0.750496073779814,626.74322682207
0.937914899229734,2.86339990109572e-06,2.89379808908264,0.765482842380566,0.807627820002615,594.755949257273
0.93512126494264,2.92778469542778e-06,3.48989106843633,0.784955518702352,0.917531835314317,638.509573181412
1.00753614639398,2.52255295188219e-06,3.0170477388268,0.776302718398963,0.763485478831588,596.442783318402
0.982951936460312,3.70657735710477e-06,3.11177927958469,0.741021342891791,0.764024149658351,576.18299399336
1.13727036762095,2.61923232361914e-06,3.4660202173451,0.725883448521013,0.792633786154097,613.385399600442
1.09016863232423,2.69680534716819e-06,3.26045304396375,0.778992353880167,0.820747575029669,618.043611533126
0.908847544770195,2.82389574366206e-06,3.2404805432654,0.740263560192267,0.730149793402476,541.411597525044
0.847586788201392,3.25537333190739e-06,3.07918805072134,0.740554356098236,0.834733030136902,582.931289533247
0.856619657413839,2.7849500723216e-06,2.95637332154532,0.719047094003337,0.78979185753737,584.463508534566
0.928985708629539,3.06499076477211e-06,3.08141549818785,0.767011850851152,0.747401918314336,550.064321401765
0.946232712746341,2.92951902359695e-06,2.907439616323,0.7915445627254,0.817939229159084,592.960095028866
0.814186425320342,3.33332256795742e-06,2.96626266393235,0.735660154008761,0.760281948950979,551.271872010559
0.857807163052225,2.93039509173928e-06,3.49991489793465,0.70506567713699,0.780973222938233,555.783624348458
0.91051874744339,3.06923709934956e-06,3.37793487755439,0.797606449050668,0.778202384715213,548.710376927184
0.874321771631321,3.24299876333535e-06,2.73343870163914,0.727737973410036,0.781955101354424,574.749513743791
0.987252070250271,2.90025860392496e-06,3.05549128620323,0.688435633486326,0.729641539792563,562.690672021772
0.844121307418161,3.44754872957186e-06,3.30331615243393,0.739332617049833,0.777610420483889,554.054397827267
0.850139386369334,2.36322409313912e-06,3.0363640627691,0.793334761820706,0.717373485586782,558.919960171843
1.07253962156921,2.44210426852692e-06,3.09363787495567,0.742792130633559,0.745347718404702,603.004469203212
0.904893932340547,2.95040831668732e-06,3.34168317691017,0.777084885548156,0.778436251784944,554.123588046539
1.09426566289726,2.74670641093035e-06,3.48134988088486,0.717095985239662,0.74317345908496,567.435221377031
0.851267627472641,3.01133975003069e-06,2.78092524692432,0.754980601221323,0.721902297187643,545.002402987357
0.943556951549088,2.88857082098649e-06,3.24101174139635,0.67224807756128,0.713341854445955,542.893464279697
0.859669121378273,3.01853435390463e-06,3.49229532483951,0.79454692595322,0.718322204228931,511.965734573164
0.841088190004013,2.88250782615925e-06,2.894520302948,0.796370687046828,0.764932292829219,555.657505312454
0.901362556900878,2.30185989823411e-06,3.42884212442289,0.748149594317759,0.786809903107195,606.525063830737
0.948997655187972,3.14675078484656e-06,2.99374877374996,0.799151316304829,0.955223317678656,652.281086795746
0.870925481379844,3.28126539178791e-06,3.33192881547164,0.788217893421694,0.78320027784622,549.397736330742
0.988831494285463,2.42401289447369e-06,2.96484465381793,0.797599830961054,0.792735127746401,621.427528592669
0.816713039098202,2.40406174186289e-06,3.1065260954098,0.79179732863818,0.707676693384719,541.225945157552
0.983309024632041,2.96861642940351e-06,3.14768318370553,0.710716243261151,0.742372038404011,560.077929460146
0.818243804649751,3.00177918617624e-06,3.14561834701686,0.757462615584736,0.718392675684188,524.044528857799
0.924843634888048,3.54708313921399e-06,3.42896341458022,0.761749711681819,0.71847451074256,538.461169891083
0.836069722399573,3.05535295834788e-06,3.45526897331208,0.767516666906939,0.720645331637109,514.968309159024
1.00438492525108,3.08214664909584e-06,2.6921289912342,0.769403670016286,0.839274160134574,614.886754107018
0.923759936362104,2.36204227281184e-06,3.32382050658438,0.799593765801331,0.715378891702704,549.803372198386
0.909598277334846,2.3713694882588e-06,3.23769706794366,0.792138371409372,0.706126205989121,547.348951375756
0.836118472405011,3.17001967868306e-06,3.14656163308036,0.766680402005129,0.767324577625585,546.053424789719
0.904909775706597,2.93074963971681e-06,3.32610206269709,0.765237467699947,0.757262145611386,545.679822897646
0.815915721629626,3.16309302541471e-06,3.1497695387293,0.775369406172901,0.776943781757177,547.077925496088
0.927698549770388,2.41603913555976e-06,3.43344460806407,0.746504590334682,0.778198183717052,590.484002537936
0.93790224986786,3.01456108842572e-06,3.1680611891531,0.724657674746899,0.711154068493776,536.441644695751
0.979598915771458,3.1867801366436e-06,3.2963030231725,0.77844708112557,0.752222814056007,548.999999033202
0.971563923404886,3.38178169070371e-06,3.27694859555517,0.747874261356066,0.790844232204943,570.89176680338
0.992137331851725,3.39004602107806e-06,2.90991677161862,0.795972935742721,0.74510987563663,559.986833310547
0.897994871612072,2.45639088414051e-06,3.24292305543046,0.676063630934775,0.755732035732779,587.137332830841
0.974664400844664,3.27808265885489e-06,3.40432874764996,0.787818005724499,0.75822305503003,547.60292300042
0.80720910055956,3.12201434170795e-06,2.81407812982757,0.708491639992267,0.727180582862229,545.192441290354
0.972261157053376,2.17373984948328e-06,3.11207580402266,0.73042144706583,0.73856617214196,617.274254751381
0.855123824415598,2.49174188589855e-06,3.42307773544679,0.753912298923218,0.806856652800587,593.2254316916
0.844869781483919,3.20055401869787e-06,3.1137623991569,0.78092000843567,0.710362587583836,523.430527665165
0.819616068557006,3.5854667499412e-06,3.31989359019736,0.756973358900486,0.703293221876142,529.682323039178
0.815659376100649,3.32278516434066e-06,3.40443048567187,0.735480323426748,0.836000789409823,573.480540190741
0.891267171537435,3.76542153786287e-06,3.22838538008584,0.769925566349823,0.728441375323425,555.089562449835
0.822225511948311,2.55764495403352e-06,3.27828862844293,0.793784096867553,0.725315090191396,531.318923243823
0.864732498059305,2.83515715734532e-06,3.31476673530446,0.778973419504537,0.801423911004176,566.489557196496
0.802662478494808,2.72806243475553e-06,2.80378484775699,0.747806928618462,0.748026476805397,561.447432919012
1.07517990539091,3.15385329620309e-06,2.71109265524696,0.779657158023397,0.857574060433347,627.326603172446
1.03728668202557,3.12575709226789e-06,2.89174834023605,0.75159579954304,0.783537838387654,587.607514301478
0.832599585832725,3.30093528091839e-06,3.23980594576921,0.677819074136776,0.755601811109868,549.047926873404
0.872784218595442,3.18358393399441e-06,3.49586116440351,0.677204024216317,1.02399799145386,549.047926873404
0.936331231042283,2.74034307480698e-06,3.30773445142079,0.743371082790352,0.718939076892113,538.214077667444
0.877861691234877,3.19670982498237e-06,3.20767914028626,0.776476684490384,0.79603840402263,560.180698940141
1.09230748259307,2.78554295506378e-06,3.41856031049642,0.790078636782986,0.861308848285935,631.521319763146
0.936161793552372,2.94767988627964e-06,2.77666299581775,0.758471328945291,0.868859532114163,627.667811265368
0.977501646646488,3.60990038847531e-06,3.22044710780831,0.77794156714986,0.823964592431597,587.536655985483
0.894852579291713,3.25311368037373e-06,2.64053511319663,0.747673938000783,0.951181029340233,652.408337900247
0.963060184788535,3.38439655977749e-06,3.02824575864578,0.782324419670702,0.867305132132405,604.839665341765
0.856343233832762,2.02563609583154e-06,3.46028658803822,0.791197408691022,0.776723229501852,621.308448557476
0.830942205376473,3.02572096811244e-06,3.31300331486554,0.799742519355864,0.75941788911333,533.06035268765
0.805516285983179,3.24188531409631e-06,2.97924854060225,0.78470326133423,0.812056869351434,564.464394637751
0.951800827930941,2.05382491580345e-06,3.49469931491005,0.796841060010397,0.7656568079228,617.658737545796
1.00255835673507,3.34383520772344e-06,3.2086346221871,0.76858426170402,0.910688098387689,631.09704114878
0.832265793675833,3.07521378681267e-06,3.17324270473466,0.766355766237102,0.862557881882568,593.149469850585
0.903921312323698,2.68482528217613e-06,3.43319311689996,0.743766601598781,0.724499536813339,533.911428214891
0.897684196925404,3.31867322813205e-06,3.43208373085071,0.657951532265666,0.707996353597754,531.751939301279
0.963870628932772,3.45155426531057e-06,3.14757249337192,0.787455198234635,0.731458399020351,547.162479330863
1.02207181283249,2.95639353063193e-06,3.13557217954869,0.747491375646278,0.792273160252526,586.755731778041
0.819362404676246,2.9524148605359e-06,3.13208005870835,0.755454430783702,0.808453081286832,569.857663515526
0.887874041863283,2.55573721383158e-06,3.43152703262433,0.791721466243065,0.819814941673732,593.474111257961
0.858935508390799,3.12469259197701e-06,3.38027950764788,0.762403336571217,0.765306238373026,541.016244276757
0.909648302846799,3.50265262458643e-06,3.08589029368186,0.735335762113293,0.797112176210701,575.178506565186
0.874412180976276,3.0482986939507e-06,3.42235500388779,0.717118893490071,0.702276652757602,516.599632364907
0.926415893350113,2.97991725809701e-06,3.41668449361014,0.743479154178002,0.829966062355189,587.674169181961
1.05221640900656,2.98259475088064e-06,3.17475616425828,0.772244121873744,0.819082987876858,599.087516750831
0.843011468631763,3.36263234672578e-06,3.20266901282223,0.744675677122065,0.818742358193358,571.564579456159
0.96046093791876,2.81707699319061e-06,3.43457447538798,0.765339767682553,0.913388368284076,652.964223507999
0.90085702255099,3.15868262718675e-06,2.93315549642215,0.774919204846095,0.730878241326841,544.112225685073
0.892518325650213,2.28654322682666e-06,3.10988639961036,0.665066288213135,0.757212624256592,616.160892842176
0.997401964998625,2.8663269242851e-06,3.44000082611957,0.740711577795042,0.828668810999284,600.70374229298
0.909549510093436,2.91226323016992e-06,3.181276420401,0.783570366251556,0.732235201748231,537.254784640399
0.993103755496919,3.11744753857295e-06,3.38299911873942,0.776840971243438,0.808301367344226,575.56865730125
0.818896041562818,3.11188334439815e-06,3.25912396677506,0.717257940817056,0.792296635825337,559.375959581537
0.827418512029071,3.06958795085088e-06,3.26823830727577,0.798233093172321,0.763814652149935,535.952324166238
0.939540475801404,3.19014505921052e-06,3.36566272765408,0.745721325001709,0.742584240442969,541.836660906692
0.84831222370268,3.32064250250512e-06,3.33720574294123,0.778212829693717,0.897417313624709,602.316411380467
1.0197823430333,2.94591815272875e-06,3.43862953102645,0.681843482897647,0.766589323336005,571.220263055855
0.848399628299862,2.80029039033275e-06,3.41675768678358,0.67434783884236,0.813680525612692,587.829821335245
0.875116599931077,2.10449851893274e-06,3.48858660473348,0.680125394109952,0.760252363131227,616.973925262832
0.801002192214527,3.49686492971665e-06,2.86261396134202,0.750872738691658,0.966792177424131,639.38453524983
1.07520121313953,2.27927079207646e-06,3.03583550959675,0.640052970270761,0.709404116438526,615.973723471339
0.956822361431211,2.58077036911444e-06,2.64144106598098,0.773522237997974,0.766986207853622,607.137816830493
0.920326396041247,3.251327351293e-06,2.711131814735,0.793158999085365,0.794286528087386,576.75508475285
1.06984695144478,3.05346782627005e-06,2.90529166702359,0.791038590500538,0.825796183639151,607.366721076638
0.907808728762546,3.53608642257378e-06,3.26352669031384,0.760168080400413,0.754568435035389,553.077474901653
0.906765266123786,2.89446262219989e-06,2.68510024879624,0.688818536241336,0.813395242779125,613.53790433455
0.93308678155618,2.43650658288879e-06,3.32811678755835,0.721072286906994,0.821617924937313,631.270988484103
1.0342566339012,3.30872173751582e-06,3.1442733705963,0.771594243900325,0.827969483022565,594.847232004561
0.983736731033769,3.09641045100066e-06,3.25829745467882,0.760611788250621,0.799838791762895,576.227151139575
0.947165539045698,3.04012035076288e-06,2.95536903732426,0.752688012336551,0.709084341708177,542.299401071162
0.937033981311234,3.44477686273988e-06,3.22646813742461,0.714754760070918,0.770330649426985,564.714868957223
0.919829258922789,2.77110357491496e-06,3.3001360065311,0.721230602654415,0.774476692960323,570.021225500555
0.886122392413051,3.29960566332687e-06,2.93850010843841,0.699150728049331,0.717779757763402,546.255726837772
0.900302589471666,2.62437155282371e-06,3.27635242647675,0.774143558915137,0.797090712225688,583.042856073513
0.937337675315614,2.36906519207535e-06,3.29821057304184,0.741891891848479,0.934422797441302,735.900075891637
0.823248375305806,3.6262462202278e-06,3.43777781486735,0.785382249152779,0.740656114279968,539.363747517902
1.00181676214012,3.18726981976312e-06,3.04398681814516,0.773534154770041,0.850809595764285,605.99930114921
0.856375049125552,3.21429993968333e-06,3.47524483848072,0.736858890668466,0.766890796006498,542.473008199196
1.04470586295042,2.81693313817538e-06,2.87316323357625,0.686597535054261,0.846716809323198,649.85795957221
1.04429647721528,3.30415464414419e-06,3.1301894742102,0.794268200013073,0.801304579130938,581.103021906565
0.921496530384082,3.45138584967721e-06,3.09895079454932,0.79137235456585,0.808627886663379,572.639359228942
1.04976266902309,4.07672233440922e-06,3.09978610377164,0.719913943622445,0.759975603915041,606.115610780495
0.892765911416476,3.577130277846e-06,2.89643343175841,0.780528745308379,0.72551800626405,551.345256088694
0.85811266553548,3.36196019899963e-06,3.43643924093107,0.783211395192021,0.888509905462794,596.202284072606
0.942895692504011,2.8456753328002e-06,3.37471950138851,0.743007603314629,0.844069854425281,606.350705046222
0.859677765845753,3.61673812390559e-06,3.42363924943333,0.741819468440092,0.84239104423287,585.553123868173
0.868057130232679,2.57819130921386e-06,3.30712404082929,0.750392481061846,0.808176758936052,593.070939317646
0.857423899030875,2.68795020068749e-06,3.24312808159128,0.731766956740832,0.789059935328553,576.475099087715
0.889949133331876,2.83546265257549e-06,3.48189052224543,0.791550761696471,0.734791055978502,525.407284606672
0.922543143194102,2.34226653989402e-06,3.36349071282915,0.781943977534872,0.804512787741535,614.53470168679
0.853063740328125,3.48724476628441e-06,3.1786884900932,0.715898730928585,0.70696929171984,535.477194540698
0.894795595363345,2.66345829549788e-06,3.2521634092539,0.710000955397176,0.897630062647816,664.065500315869
0.920363299590222,3.12324708581902e-06,3.42786055874206,0.726329855698726,0.82954980128212,584.876808447313
0.912993499047293,2.06591251757407e-06,3.18283425983581,0.711709419495109,0.89545059641302,767.90077053909
0.961073542821459,3.57851465021801e-06,3.39206514553631,0.788113805517689,0.717019753497316,541.278384559337
0.955978034929948,2.96480970569517e-06,3.2033910886279,0.705343306868282,0.902908700326276,650.606064630085
0.953980176813465,4.05472104973525e-06,3.12990520254965,0.701026204026452,0.702986731186424,581.784315364502
0.821978533818485,3.18950182855224e-06,3.19995569933347,0.710420792194539,0.707487525171806,523.92482471144
0.862882472710456,2.51095521059606e-06,2.96215824555563,0.683352948333983,0.723713384228574,571.216301609061
0.84342996758175,3.14011896992632e-06,2.88912961000937,0.707391974905099,0.784717867086096,571.087715430532
0.916923130091482,2.93980081981924e-06,2.89912573294678,0.738900868004592,0.876400069389393,630.503193655817
0.847972272909644,2.92189609848622e-06,3.37619173998859,0.766336381770137,0.719972000103732,518.853623981238
0.960357378071128,2.67131820386033e-06,3.12471599490701,0.798486774421634,0.790471592458739,585.287175816863
1.05772340241731,2.97935924645328e-06,3.43426964184645,0.789600074308777,0.770431477066336,562.787097628487
0.91931962802586,2.81871178997244e-06,2.86482708497202,0.684372478798235,0.776162730080598,592.098258279779
0.897325287224307,2.6395252126858e-06,3.00679994904941,0.751179634873078,0.887456353028727,655.969833353914
0.875647270573606,2.96121058900965e-06,3.38951461111314,0.759201915910073,0.728836970968519,526.096375851023
0.875028458158199,3.05985305333675e-06,3.29819488788957,0.737530931947094,0.745127694712533,538.868053496893
0.884783613104132,3.02302096728417e-06,3.08008663730487,0.78957623571204,0.703638177936799,523.809378217588
0.952306404790838,2.3352896033859e-06,2.85642641381609,0.713787500533391,0.838036434726476,683.331176526508
0.913744148872964,3.37773979336101e-06,3.39300903009465,0.770849420850185,0.789054176742644,558.28705501525
0.931522452824326,3.57185115042984e-06,3.31231152532965,0.739378231953204,0.791190517395839,571.576969413437
0.97484680237622,3.14085997881466e-06,3.13563969211431,0.787847431572425,0.74506849252562,549.391318577899
0.967934332527486,3.36626406043414e-06,3.20958735065539,0.782876641337155,0.718784961930661,539.008570913874
0.887668587483592,2.69274674107759e-06,3.47894315342008,0.717197607076028,0.791030285785406,574.935019504571
1.03554319103233,2.31787128776792e-06,3.2669864925088,0.724929755481277,0.856512180378301,693.579448966126
0.925995590945692,3.12975972293135e-06,3.34297501955414,0.763273944900746,0.714189881332927,526.032153896163
0.906232287861501,3.23352624392126e-06,3.03888209496065,0.74316471491368,0.772761326077042,562.179350206983
1.00841696008532,3.86020838376558e-06,3.30744086209089,0.652777471671122,0.769013467735888,593.966472005063
1.05168173996108,2.49802577105657e-06,3.17680042366836,0.713402802220107,0.727428843769063,582.856786879523
0.920265248864585,2.9877157521863e-06,2.93714478988662,0.765511406842568,0.746233864534597,555.726936625174
1.10244130049214,3.03152928153107e-06,2.8763642043409,0.758707326649724,0.778372415006359,595.048229139502
0.827347968688785,2.9859060759075e-06,3.47954502789131,0.708713066356441,0.824065569794617,576.049444673768
0.834317456306114,2.69818516558861e-06,3.36097120914309,0.78867048940219,0.801689853246853,567.006653733965
0.908885519428839,3.00507837724571e-06,3.08527903880125,0.755343879828836,0.773120205537404,562.463251483131
0.83305630603177,3.41476564572982e-06,3.11551137521705,0.789540905885407,0.915890027912865,609.288177249166
0.857938449734676,2.60359237631486e-06,3.38932971115361,0.758422960061948,0.866251409059517,626.812974011507
0.89152947185835,2.66508001319548e-06,3.42002158395393,0.704423780173008,0.760729973760065,561.411280410445
0.992853674696438,3.45593279263842e-06,3.34489185967116,0.695804514922716,0.732493960194023,554.315101468456
0.840361655345103,3.42057833049601e-06,3.25465972496974,0.773242106613477,0.752068785923947,540.580469136556
1.01024090528459,3.15969538954761e-06,2.54682971934746,0.760199412725244,0.869438812237591,632.185817235004
1.00137105695064,3.40512517713461e-06,2.9496601198268,0.78054726950602,0.734987220309387,557.91448461517
0.803109284232165,2.89977113227013e-06,3.02393338363347,0.790791854974005,0.786139566595436,556.563436122103
0.922114985863918,3.06530424368809e-06,3.24976201346412,0.592841633827974,0.710627801217291,544.781290623925
1.04856000503454,2.41768357681588e-06,3.38555215960202,0.784138857167844,0.784087683699186,606.991867008934
0.994291190869391,2.46935751349861e-06,3.20697288555559,0.748623333541073,0.792954888675252,614.630068721037
0.895485888574652,2.75006893870662e-06,3.25382496786685,0.689542946251312,0.856418322630023,629.089685629288
0.83114837810627,3.05437003522915e-06,3.24918490987539,0.774237061924741,0.728857600766432,524.248566278817
1.01784664189168,3.26134013274378e-06,3.41143825932723,0.734640071687781,0.997905727408655,694.854121713262
0.933409374735833,3.03639768983437e-06,3.40684467708247,0.73635161602228,0.790456975925056,565.793780632606
0.812458786801494,3.13384465861386e-06,2.92075446203315,0.7961442039153,0.721464158580085,529.314296480107
0.954954826853727,2.77545123150046e-06,3.49600727012227,0.77869248136059,0.745917429993331,541.919148101235
1.13731609079099,2.7971390282628e-06,3.19342268398722,0.69513252746343,0.778056070153273,607.099849899977
0.828617929757557,2.65419385112359e-06,3.22577412930934,0.791712672490003,0.732559404063856,533.612620815874
1.03988780314198,3.04718758000486e-06,2.83558907483056,0.75875658899044,0.714516020489994,560.311759014428
0.939100519341859,3.26094075906158e-06,3.03960003342437,0.786000972178728,0.860473275084182,599.502748172542
0.807922242437432,3.08483132631628e-06,2.62662970394118,0.626477187029952,0.750330010936275,573.744727725368
1.12110724616769,3.46591703187615e-06,3.04088799109232,0.759603066235462,0.766487689259396,584.27995334956
0.862833707636103,2.87406470696606e-06,3.26754204419597,0.789628883733325,0.709248029281734,517.549119429433
0.912935618005802,3.55505432968407e-06,3.32753519225578,0.701437779989131,0.806048557477064,579.440332060066
0.90666577920091,2.95699391654672e-06,3.07114719136279,0.764595896462011,0.939087543815526,657.089130606797
0.888296260958919,2.56949968094079e-06,3.48292721131964,0.786006738736363,0.792976257236315,573.081091030909
0.909185911765513,2.85094835349879e-06,3.35456994230128,0.754095754017174,0.704569893194978,521.345418306823
0.819494506764649,2.8252577480477e-06,3.13961787790212,0.772073545460176,0.814583326234268,575.848361477427
1.01138166237301,2.7649287545483e-06,3.45984992712296,0.754975087648897,0.789622632269218,580.073221548876
0.913157373759115,3.21331343335166e-06,2.9535123733684,0.772105191026254,0.826936648898759,585.896371996611
0.965036678714195,2.61035154225257e-06,3.45665536862082,0.734163044459025,0.820735377310987,609.634348500851
0.91672222291611,2.8371577416611e-06,3.3524577231451,0.696461401210972,0.738436062037344,547.262647085059
0.936296676483054,2.81257065547935e-06,3.2705655563038,0.774981668831462,0.730176645912151,539.347621626886
0.952727844234132,3.09842694843991e-06,3.35827214003807,0.686704341829304,0.838510068873893,602.56723484219
0.893468814313318,3.70639566968606e-06,3.24056367464531,0.781081451070482,0.701859612250021,542.545217822353
0.816164642279446,3.38214755146673e-06,2.8959774519099,0.753649195291051,0.747737755441843,547.900936870599
0.98928939082403,3.43448896506955e-06,3.42601882210783,0.788541411738261,0.711426767497667,534.368632503788
0.840614189102622,3.03428184647107e-06,3.4479012955047,0.721078169451641,0.775091438794027,547.818314426148
0.858437559846345,3.81873437796041e-06,3.11005454329951,0.730775356882798,0.803832753589749,585.582660365855
0.945855498093758,2.96288040926086e-06,3.41536250745631,0.75275355649106,0.700099361005155,519.949965118989
0.964288970205678,3.18000661907839e-06,3.2458471520656,0.670560745386052,0.732165281661275,552.037026617154
0.830960015377244,2.96610604289722e-06,3.23340465274922,0.724128148878188,0.771194878406479,552.338510326095
1.00780475864546,3.83413758022839e-06,3.31284842811165,0.673381023542407,0.73389799091313,578.381270549186
0.894372621449353,3.20127208878518e-06,3.35143099227915,0.752060609867972,0.710915654136404,523.321297050222
0.873471567848652,2.98129528078e-06,3.49238014736799,0.775251731504029,0.926550418335764,635.105865183328
0.818899960433622,3.13226474127218e-06,3.40487399132752,0.761966787785617,0.878231961709748,594.534560723995
0.862926788354064,2.99863023101353e-06,3.19589175277685,0.719978783418739,0.752964826477972,547.822133869189
0.930033060610416,3.58863166976168e-06,3.27731095105339,0.754640420383667,0.760247825398495,559.599503402729
0.902028031792678,2.97736976021784e-06,3.45879052779265,0.672774618459669,0.721209610948697,532.236854394274
1.04330610237918,3.13656154434577e-06,3.43303477795927,0.744718280816676,0.721362026212018,541.182399385463
0.991023218808723,2.78857953715248e-06,3.37390335760487,0.734524180270629,0.794840955136617,585.641576902203
0.933864646158351,3.04458069333367e-06,3.4269305275131,0.774661346988665,0.863243476497512,600.313394097812
0.83885499779156,2.79894183166307e-06,3.45950438838839,0.779331679020134,0.846339489144417,588.454603627826
0.872742270913894,3.26046166858764e-06,2.90407056754306,0.755831403847151,0.786751601178468,566.970777539991
0.819440477070952,3.3049908906972e-06,3.14488919521896,0.772891155263189,0.769728752886113,545.722651259671
0.846197075314159,2.93859780404481e-06,3.10595486513139,0.714148615245302,0.781600749434124,566.179729000254
0.858753630016572,2.82813941301095e-06,2.86782535885097,0.697746155217816,0.764429416404802,575.55904476079
0.969233429239363,2.62149562167005e-06,3.22114822693007,0.768620874689197,0.85325269489412,633.515973520044
0.930985302735242,3.02269997876744e-06,3.25237477044891,0.702947070546077,0.704671998472791,531.526671258539
0.884049369485195,2.44148798358724e-06,3.32400033862351,0.691630245218477,0.707412381967488,547.414200612372
0.850437580877788,3.16217047169968e-06,3.34272529620298,0.706433101473615,0.839040983755299,586.12031437224
0.818085095383837,2.51276048855282e-06,3.39963721468213,0.704631008646169,0.709732661903186,530.10715947993
0.804616656245914,2.69598045651617e-06,3.1208606938809,0.796848227426788,0.805950844588941,573.343020262163
1.12315032255892,2.96083614057495e-06,3.25263663817907,0.755313192587112,0.730751431832212,561.357853033049
0.923806743325095,3.51255927070372e-06,3.49224752321833,0.711668056593121,0.911464061786215,627.870807656335
0.912609892384521,2.68772316801875e-06,3.45882704686101,0.74477690221637,0.727322242856839,535.366583911608
0.800293219859676,3.30741140157181e-06,2.86739299345157,0.756758695874775,0.711271218114135,532.827653501137
0.932625830536544,2.95298890008227e-06,3.45695447677191,0.776317931869779,0.885310422556576,617.343177539704
0.821371514273984,2.71433653948376e-06,3.47671954009623,0.691185824026625,0.71584566177084,522.679060885586
0.832040235583086,2.80946430037271e-06,3.28377304606016,0.786400971512751,0.714499555357325,517.380020909843
0.916156675802519,2.6122409426604e-06,3.18706488595502,0.6914346290386,0.760734324256935,579.85961856379
0.971811769365649,2.92905739045958e-06,3.19610496481921,0.776429262243844,0.761095372835611,558.787354834579
0.875783759462363,2.73901895488647e-06,3.32191623215793,0.776762312371775,0.731883104329737,533.054416907069
1.09191416275764,3.35782227436385e-06,3.16175082993594,0.722580616116566,0.816894496192856,602.929395562546
0.851425173047321,2.94314447610016e-06,2.9857536028701,0.677624242788921,0.758841034432275,564.574566860862
0.800698383122949,4.18352673528306e-06,3.36446306344989,0.735421742714305,0.933105316765804,640.627852124141
0.813425057453811,2.94940963487586e-06,3.4024550824577,0.716485419105351,0.90228201030894,626.753887758146
0.987675234959213,3.29242492720814e-06,3.47290060801646,0.718931506879922,0.826854382973811,589.111106647891
0.936271911297919,2.71398124452676e-06,3.16418440378019,0.76940076005,0.725832916113431,546.251439432579
1.05247787631738,3.0470509478276e-06,3.43572585467286,0.774516663347712,0.772487851915405,564.006041469591
