wind_speed,mixing.coef_mix_hyp,mixing.coef_mix_KH,mixing.coef_wind_stir,mixing.coef_mix_shear,meteorology.cd,qual
1,1e-04,0.3,0.23,0.51,0.0013,1142.95328976158
1.0762352158786,0.000108463270913213,0.30338551948716,0.244697167271029,0.401765778551467,0.00136422066157642,1042.80936095241
1.11617688022318,0.000110721838066207,0.282820558259396,0.213939183210379,0.423796094816194,0.00145542211260152,1037.56723976309
0.923944863684391,0.000116917618145154,0.272225192827881,0.211176034608678,0.387473275192344,0.00142277298285456,1552.79015637353
1.05083634763252,0.000122117823758608,0.275538216162927,0.238310435331076,0.451458398640863,0.00144400031005783,1236.70473029783
1.12941514711154,0.000113836163248845,0.306176492675857,0.227879895988186,0.399045335064302,0.00138460065734258,1008.6031340798
1.17040947751151,0.000102162695982662,0.280236864775898,0.234597879312905,0.406612892113567,0.00132202353402725,832.681837996282
1.00743443085512,0.000112970895585751,0.289925892648705,0.256589670931731,0.432805187758727,0.00117424075035313,1264.60251588605
1.0754089548967,0.00010731205671708,0.284422164443013,0.256403921921297,0.419078912342446,0.00138325875171002,1094.62382374055
1.1173871707139,9.97605782374269e-05,0.317555372871873,0.227949702257298,0.511620046438436,0.00129204394684256,895.22565010044
1.16978201475298,9.43013971549692e-05,0.236839461435347,0.224363079994669,0.456441665574818,0.00140760973193733,760.984758156213
1.18730179394395,0.00010106962785654,0.245616787587557,0.224406247976583,0.525691664157346,0.00127039398092515,912.703634770846
1.10578312973428,0.000105290467438414,0.260232827655732,0.225834695166956,0.443663843553338,0.00137673843629511,1000.66218166428
1.00953394215576,6.48454102283822e-05,0.206239068725186,0.267835292011965,0.44990968180186,0.00149684596004501,744.660318266377
0.8461778528541,5.10792379115072e-05,0.161315104438234,0.28196362887043,0.517684581146604,0.00154814775404446,882.826283983001
1.09157984050959,7.58716007487721e-05,0.182474998135507,0.276950592536697,0.441519832627351,0.00154467354559006,789.943803571562
1.06252820096852,5.93263318440479e-05,0.218081466302725,0.278358840957003,0.352846788753666,0.00153378792684375,692.600178691803
1.06938623526083,6.14673230753509e-05,0.202427800601766,0.282445927375542,0.379289466999644,0.00154406018331506,651.554547333929
1.02086578036924,6.71764343223233e-05,0.196663121973333,0.2972351228652,0.323295034739537,0.00154750081374823,773.3542710193
1.14476221421747,5.7886211981134e-05,0.202565221424356,0.290917045296295,0.254837698331272,0.00177463381042582,546.314488610114
0.994703181743709,3.97019992719313e-05,0.225011432921171,0.289371121368224,0.293015585950631,0.00197657382801127,660.967843034246
1.10399873241316,6.10967525957334e-05,0.211379221062563,0.283795381313323,0.226214778936302,0.00180739121485132,614.983223150451
1.12328588278135,5.23107485308171e-05,0.223790873462531,0.333353472792128,0.260330363199085,0.00166636558019301,551.518057571724
1.09373433286348,3.95058164173763e-05,0.20059563209772,0.263696570369657,0.187989804423832,0.00193704883830196,609.810154374372
0.992789201981248,5.76350319704127e-05,0.219468925896849,0.281563172347053,0.226983777248087,0.00182324193159176,699.477530347949
1.13797405928118,7.0806660991423e-05,0.15940737050737,0.280013537508009,0.299345489003464,0.00187282692977553,611.05221801317
1.08658314493874,6.25848272076349e-05,0.187875124924298,0.282420439999744,0.306205280176287,0.00167380197295975,640.926628398898
1.08214973654423,8.04995201007298e-05,0.216029875246024,0.308975880471399,0.14378103140378,0.00164948569232237,737.644940376526
0.892927149656316,4.77413352483495e-05,0.173998921639279,0.305285527219206,0.280684691630705,0.00155672107172104,779.934664748674
1.08599296708873,3.67261741668472e-05,0.237244878806575,0.318071633899229,0.298253986766933,0.00172842496217703,618.124528761215
1.13662759038723,4.73884723361355e-05,0.233570371823498,0.26358209601015,0.299873266285273,0.00175404850010871,539.732964790267
1.05090543095139,5.39294365887269e-05,0.20911772243101,0.285720013944266,0.272848682874588,0.00157586971068263,671.583237952197
1.07810240885689,4.29585540041875e-05,0.244056115050868,0.247352771637651,0.371201596101744,0.00149021372650408,641.664324064665
1.10160202664701,4.9860948788995e-05,0.232480055617477,0.22910788544524,0.27382712531823,0.00153003370013562,626.293950936758
0.981104460687617,5.03399320159653e-05,0.215747106176718,0.265226346301105,0.295484932801451,0.00195516306223688,724.568801139677
1.15820664075835,4.33803933685738e-05,0.19288886492753,0.273451674689113,0.266118448498433,0.00198968853296509,528.397076163343
0.970674261982046,4.3822269711503e-05,0.238816789517791,0.228065331025325,0.329546832922461,0.00191362341983453,675.907030100164
1.17981779194995,4.05915548956254e-05,0.193168804532323,0.252299247686776,0.298405889979166,0.00199192575119573,522.074717258492
1.19553993578445,5.00443270470627e-05,0.167158064824105,0.237258079442446,0.302815274251033,0.00186178267570713,496.4526825029
1.09543572119971,3.36749690314847e-05,0.225789963663615,0.23392661611717,0.317066070076432,0.00198012380936397,625.967907861533
0.992503200911578,5.65672269616769e-05,0.208905352979464,0.190262059425025,0.295082150897951,0.00183830425993288,699.699071998475
1.17716354118289,3.55666035329845e-05,0.20580224370637,0.253090233204055,0.382884111959995,0.0017214897258152,555.328703733177
1.13914059034952,4.54687452669607e-05,0.111722805884267,0.258902807757812,0.278772413913734,0.0017846163152497,560.101684853343
1.13727609104133,6.72729197871712e-05,0.170514043517473,0.234566474274259,0.363391498165942,0.00194780540563218,600.136598720708
1.14541665820918,5.30093281015671e-05,0.192730801856771,0.208899298875771,0.324101380194776,0.00166969009339141,538.357897892087
1.04244791030035,5.21662199739041e-05,0.198632338528293,0.248942072200925,0.346869627264939,0.00177729592130771,697.809259209018
1.05221446815142,4.46060640929717e-05,0.165620439249557,0.217372419186177,0.338875075562337,0.00183794496256445,663.632862013568
1.1179956276118,5.68177490440564e-05,0.170064047324154,0.265762668708866,0.329162795125449,0.00186920346158997,581.310449979651
1.19659832945699,5.45009621263333e-05,0.179169608287148,0.273087071509362,0.263059617298581,0.00176427184312369,518.507087099063
1.04713852285993,5.78534210788455e-05,0.193364015799668,0.207516476946704,0.258335423339464,0.00170837476488731,696.084249963109
1.09543512361142,4.75377188890245e-05,0.135163827058923,0.270605667531377,0.375428327227736,0.00180287647788164,599.247463725393
0.989427570835632,5.35010783482294e-05,0.187104290914124,0.201336597497892,0.274212098319142,0.00180694527209994,682.281468855141
1.19847549747798,7.41694804894869e-05,0.137919599811375,0.233647938434251,0.390674844666082,0.00184757187063875,595.400407723973
1.13920747255067,5.95881597755719e-05,0.134698392947022,0.225232691368992,0.305029652039371,0.00185456467917059,568.527842352864
1.13459558532824,5.71116429782146e-05,0.125456605859569,0.26071561671374,0.312153553134324,0.00168411676492971,565.788026964885
1.15482207501295,4.41125112059491e-05,0.202919844530628,0.251591898173526,0.307252786108494,0.00190831872601933,530.426858883975
1.13669994083794,4.08626131391516e-05,0.182373919429968,0.244176399055579,0.183223539365509,0.00192857785048821,557.847168162026
1.15042690368117,4.52790657733635e-05,0.151082176489446,0.229827259597643,0.197617488927554,0.0017990638958423,550.337496245428
1.12356878935923,4.94370873198458e-05,0.153234903787943,0.230144836015335,0.289407140474413,0.00181586185164153,559.992109753034
0.957556435599923,5.60053902181057e-05,0.124896905356028,0.285529361049624,0.315907661989377,0.00186960545800089,738.253648511303
1.19309459712467,5.89053062547624e-05,0.169929935285112,0.214765383574958,0.341743155905224,0.00158728105378889,526.051539103435
1.03811107683497,4.37617130210386e-05,0.161658253138405,0.256248271060811,0.352854594241921,0.0017550561768416,640.719785706798
1.11347240140403,5.67557572887395e-05,0.191324360528988,0.219108068782768,0.286012784787247,0.00168773174909656,636.475799245046
1.11051525426709,6.75661928098605e-05,0.131916218526895,0.217758954654404,0.348474025935493,0.0018888195666192,642.584354847868
1.12107790492534,3.42271175872576e-05,0.166182831998477,0.224373905723881,0.293286669348142,0.0018400203415669,602.347060146453
1.0895975039057,5.47044432051741e-05,0.13006147014872,0.214391892112087,0.272972193121655,0.00182839504844656,652.669315050404
1.1455660257604,4.82094681971177e-05,0.176302699378738,0.252180240939335,0.357346291775006,0.00177003820423248,546.660154196165
1.09729533017088,6.18097912475311e-05,0.172909437570008,0.260458989339669,0.388499802663712,0.00157145682766437,685.718596274401
1.14295523373971,4.83545046096961e-05,0.162809100698907,0.217487076252002,0.396409251282133,0.00176302108146691,542.122171623585
1.07966748208934,1.35734305147232e-05,0.174769489731008,0.210121781598804,0.266893815272128,0.00197979841396382,883.709750872902
1.07002148982325,5.87005628786139e-05,0.161887635289253,0.210408511543706,0.29900921361438,0.00182790754706675,644.139072405645
1.19695308502852,5.12008738737174e-05,0.15184697211812,0.264577040061436,0.293801406761394,0.00171191631132856,513.112659560096
1.0501648224792,7.18220370010796e-05,0.152787424465582,0.261787935466698,0.333836807857901,0.00191756763012083,737.98609246667
1.13701874756303,4.25451577279403e-05,0.130272016074094,0.207708044634543,0.338746362717404,0.00167042765822801,557.946985513594
1.15984428669928,5.14320301073775e-05,0.179074645622169,0.265142661703915,0.341378157099986,0.00187911332533282,532.417214273117
1.18309593183277,4.42345152829923e-05,0.152019507381831,0.20068590237069,0.342390209710963,0.00188080008788574,522.054938205566
1.10241015508321,6.75650020174936e-05,0.126757215655687,0.230347559194806,0.202188213649571,0.00187993178898707,615.613075756727
1.13431482156844,5.28473664117393e-05,0.210428008962165,0.210522854641042,0.360805116490659,0.00186725253258708,546.734148655711
1.15516623761851,2.7705459638106e-05,0.172524224893154,0.250969443615117,0.326558068127967,0.00171367097097422,620.364704783947
0.95433374736761,3.67756271332484e-05,0.147631793469791,0.243949232539144,0.33965549875178,0.00195895837441405,702.721745664886
1.08421755971308,3.24624860672541e-05,0.206772307644534,0.230890730449746,0.3056731698407,0.00160031784249684,662.619158701571
1.10263312603007,5.06003595184121e-05,0.164757201995916,0.206661208474001,0.302754547731041,0.00192771833452246,580.495295846231
1.14993634414539,3.95527143871703e-05,0.146306163408185,0.257021276625804,0.299608951979085,0.00171779092405018,552.01147296646
1.14716916887944,4.64669628246038e-05,0.162557508956788,0.245284220278995,0.399629915441608,0.00192392793605058,537.501684362162
0.925599227154422,4.79801657543297e-05,0.162176651701482,0.250493158189382,0.299788306406985,0.00190232805246246,746.975348765231
1.14226725065528,3.33460635934537e-05,0.183813813361613,0.227720384853925,0.343303503667575,0.00192587139470175,577.562739287586
0.973973103445497,3.97340724799041e-05,0.163879433302858,0.262557293805021,0.415052942838046,0.00188966110761122,706.1015649378
1.10392776140038,4.47546303883539e-05,0.168942169585406,0.281594614987142,0.346621067209461,0.00185039077623047,584.422102275548
1.14394899564143,2.96795929376447e-05,0.207282686608564,0.244406167937985,0.340434636199548,0.00179573683665611,631.878093561104
1.12023111384913,4.95690534012057e-05,0.171067407524702,0.254338627857039,0.356599516283711,0.00153432949748721,599.234863593909
1.12589824244981,4.6516898647342e-05,0.176768027264692,0.2553754471314,0.334815107563626,0.0019291126618715,554.113025359707
1.00607128970599,4.39005692598804e-05,0.109662274110217,0.229527871877733,0.308671056362611,0.00179703224817303,655.481738747328
1.18754923410245,4.6595258481826e-05,0.208615611148365,0.251865567219544,0.340720915802744,0.00172674490557083,510.27372784493
1.04493649767415,5.14820300891057e-05,0.112694123896012,0.238039237365863,0.198055514816817,0.00178092726845171,628.967990623139
1.11945055779922,4.43521406944537e-05,0.198824544649968,0.241704763411362,0.363012784046633,0.00171482689239506,570.999869854277
1.10977055632056,5.55479738813019e-05,0.21154791971236,0.218681597188936,0.344900345320412,0.00189006711899761,582.247974117981
1.01796543116491,3.45680211868184e-05,0.147716745006361,0.249438449417475,0.351950694850455,0.0019654978378416,686.772599133774
1.12793938267616,5.55434388913081e-05,0.186464702780683,0.28162380729965,0.246293403732699,0.00168086272936988,569.133969220554
1.19373030670629,5.27563899508501e-05,0.172108360553215,0.201231599953738,0.253571144996998,0.00171804192121254,516.660735005844
1.15130822710802,5.76380829212556e-05,0.210658725562464,0.225812276497041,0.340205060883826,0.00165155759028578,594.031740106169
1.13680833379479,5.521776727843e-05,0.189803219748375,0.231574823147917,0.271169221828978,0.00169510104834116,551.617327766823
1.16980366433119,4.07525421038615e-05,0.185794387783958,0.26574578193655,0.301254524513633,0.00189027940727028,528.070498551405
1.13457943931837,4.30886750105956e-05,0.162122049648164,0.258714883312973,0.296589185765594,0.00180113386816679,554.199020963394
1.18882801325403,6.04680267360132e-05,0.166028463534873,0.212389313686768,0.246323606441372,0.00199212567065808,523.696770014444
1.12648816812751,5.47161155480707e-05,0.203652350460472,0.210222707270186,0.24848697416499,0.00163460065767558,609.703696897305
1.12057715096445,4.94320673488596e-05,0.154656410927992,0.245425718119679,0.297869409763237,0.00190712770682587,553.134521692689
1.15023573509468,6.10570719445828e-05,0.209947630788863,0.254007085259818,0.316483714577243,0.00196146936865438,553.767492040842
1.1947145960012,3.54554874790459e-05,0.166262060183282,0.251720601998089,0.324087356583803,0.00170971995327649,556.815288350514
1.07509812927319,5.92006599183539e-05,0.20773436548652,0.276671010078657,0.315951417484252,0.00186413548427855,630.633240678727
1.17874804773657,5.76949212530941e-05,0.133809958841297,0.236987396809132,0.332518657054611,0.00171410033172217,533.242115759318
1.18088944601415,3.55429649258694e-05,0.193551029496783,0.235618309675344,0.430449639530677,0.00175269644162768,543.066073636091
1.10923537561753,4.34020224149019e-05,0.223318114833776,0.22776198315502,0.301410048203223,0.00191022609326714,576.551797170707
1.10633383612234,4.18453909910355e-05,0.1866259194184,0.245604734074581,0.296820904143927,0.00188843829093764,580.329468648275
1.14378089342369,2.93120239254328e-05,0.184722548285635,0.271402747212971,0.355816179165901,0.00191444258408586,609.903196438343
1.16161098526821,6.37026575298331e-05,0.217372257397494,0.22274407407735,0.350117306820506,0.00174230245261435,555.458090929255
1.1360417649414,6.64644797312027e-05,0.172310125194335,0.19770643806973,0.343099743102588,0.00198961452375004,616.290224884075
1.17199579277373,3.91980385050241e-05,0.188623017117598,0.208222298948253,0.259972637716311,0.00180682117269098,533.777569522973
1.16203021676264,4.60575480174472e-05,0.20659816864754,0.238666886966209,0.273193288536725,0.00165075393957609,531.679505312378
1.01272948274273,5.32889447896923e-05,0.201694828262911,0.239300380462714,0.336298879475497,0.00197017934771911,653.326634556037
1.10870748923226,5.22063290493957e-05,0.175572499570914,0.255095724186171,0.303446568274049,0.00185208642639118,581.779389860411
1.12739753897001,4.68206793518406e-05,0.205239603736608,0.21413532429884,0.424895723793505,0.00177423114571087,557.963128593596
1.17614383204665,4.09907170973381e-05,0.155161486071254,0.270026042311988,0.282468674381971,0.00194433461975865,536.074665149238
0.998912273209283,4.50579573971111e-05,0.105784523714138,0.247374754470106,0.271132269096763,0.00195457038538029,656.302864151359
1.07638787612675,5.63252256010166e-05,0.120044668220328,0.263619239142706,0.307999404689501,0.00183488203936952,622.655809842742
1.1393800494491,6.46836664809898e-05,0.179504452774772,0.241068175527264,0.323297178330161,0.0018762623252167,582.873001851339
1.17289334900504,5.36926620566977e-05,0.171249505204649,0.231968214203525,0.323424888417718,0.00179494026017511,521.196382660014
1.15770621788336,5.75983449756327e-05,0.200305729033237,0.269119927949572,0.332818196618037,0.00175209309570066,536.511010814652
1.12509814770363,3.97970028174503e-05,0.134610073361878,0.226655702367116,0.346525493062082,0.00177072224093329,597.197932032142
0.983964683890628,4.63137269190632e-05,0.145154931423777,0.221145541323794,0.313593464197558,0.00185457368125271,665.675022196448
1.11790293382888,6.39698169187937e-05,0.188130224784918,0.249429788926929,0.341897440334833,0.00191700575197227,614.240935707136
1.16385847944055,5.02961142373875e-05,0.18589322466031,0.240705673669461,0.240415686531211,0.00169641950771967,521.605731821443
1.05833157708087,4.98382979347611e-05,0.122480191306792,0.226354001395868,0.22790426647958,0.00195387371869824,616.440421952778
1.04713923112745,5.7543690611647e-05,0.186317148203956,0.262230985094518,0.297161943417159,0.00190266453890674,648.286071399163
1.18494585878871,5.32837560124816e-05,0.155027847650364,0.258927975315217,0.294663424734378,0.00183444095263606,511.528973754147
1.0044046027917,4.51913215420554e-05,0.220154268343142,0.243900665532514,0.330117082913545,0.0018776483747429,648.211664972941
1.17523343198612,5.23759895640106e-05,0.176961504990668,0.280655644001455,0.370263413586057,0.00183322575653982,518.487880726749
1.12439402543245,6.66663647480813e-05,0.134771965398484,0.230311262404803,0.325216400551905,0.00185399417861317,616.362993463942
1.11654756412295,6.18559213838705e-05,0.182002119788131,0.237320873946059,0.338512631619525,0.00170563655882401,618.166412805842
1.06913124277531,4.81726661613062e-05,0.160739156233915,0.209908872187165,0.218962591338235,0.00191425527213656,608.06865873785
1.0316470574298,5.18859240607381e-05,0.19294117195602,0.18387473501231,0.339925767859408,0.00193616175213092,659.728834734142
1.12714688563084,3.61461722849453e-05,0.210821627280218,0.253558415800343,0.189912054416349,0.00187592424271449,586.385101849145
1.06119215689956,5.31995346145269e-05,0.17572931472164,0.2630707451545,0.295365268702093,0.00182079655411075,614.770559172948
1.18045554544575,3.30526871864433e-05,0.145527898030937,0.263700815537396,0.297828495248398,0.00187272368362049,573.446829622754
1.13549068324669,4.64522111151764e-05,0.213060150649375,0.248644839872535,0.300581655055923,0.00170074148250506,562.705382619187
1.10882637037777,4.48736361462022e-05,0.111724692526174,0.285657038181677,0.298077369461228,0.00176074529043752,573.646090216199
1.19718784294034,4.72723135238074e-05,0.178547379372932,0.233334113659658,0.392599440582246,0.00190080955376607,507.73989580633
1.12494354443992,5.14353260820796e-05,0.134284271285895,0.254043621365986,0.333938696771912,0.00190805648266202,571.394972590811
1.11104956860721,3.66490688521608e-05,0.168618313123205,0.235009445880909,0.375015975111426,0.00196400921573704,587.401961401246
1.04766045750259,6.5242976665327e-05,0.17246454739744,0.225701745177132,0.298955229521146,0.00176735672338814,745.477776542846
1.12385847908775,6.85857837517681e-05,0.155316772714166,0.228091360452468,0.328714576496952,0.00194933018501767,637.662989336021
1.02335797007382,3.89491500794395e-05,0.176974409916682,0.234187286685415,0.387984705823052,0.00176365840641154,678.015527939922
1.07931455502427,5.96630348051832e-05,0.215409063538501,0.246440144184083,0.292953591945683,0.00186511713404354,632.770351854649
1.19652696276266,4.11896401490896e-05,0.15715807011399,0.248619615265425,0.29081406390822,0.00194726929255598,517.703357013216
1.15025897607022,5.0870354070477e-05,0.19217224494633,0.252733959241883,0.353070804386159,0.00184292435725118,535.077397410978
1.11373843071548,4.07121324463347e-05,0.240021898133431,0.258006807129484,0.286784974794879,0.00182897650888103,573.664689472431
1.08059775179582,5.43037188007201e-05,0.178221381592786,0.246562502041915,0.221651220241756,0.00174930393962607,599.922622814233
1.17558974769599,4.31802399647388e-05,0.174553045903526,0.281339126663539,0.362288726658338,0.00199734311517973,521.216449339762
1.12995151382956,6.00523727253947e-05,0.202174463701441,0.171148229256158,0.213551583827015,0.00191782863359287,575.689405010811
1.17563452633951,4.6679820898309e-05,0.201531883864002,0.261181130593754,0.26715776811715,0.00181707184372336,520.579895106426
1.19568378024458,5.1705699043917e-05,0.119353061962162,0.217297339560003,0.284074626679409,0.00176222663959888,515.562685453512
1.17270022047744,5.95060059655041e-05,0.175815041466884,0.245670843969535,0.349600269381964,0.00187095707518957,563.625124492242
1.13091487406871,5.58958016164525e-05,0.18378188492573,0.224758537640343,0.316911093324385,0.00182597885720731,563.024689816961
1.16840240142824,5.33728504249759e-05,0.152932153301065,0.229050827851703,0.152204334223959,0.00191907904860306,531.836868356971
1.10211070103106,3.15754351758086e-05,0.244109208798244,0.213905429194307,0.254678263924554,0.00196310088129894,628.391121338641
0.932995379779241,3.26628261668426e-05,0.200485268235809,0.211389602461814,0.379030817789488,0.00181252978513515,732.8108386262
1.09182176318727,4.67342160003296e-05,0.130612400678372,0.271229184672477,0.293810592202055,0.0018174743440046,595.411870271775
1.11679419964885,5.59505465207045e-05,0.181390892303124,0.197797191858092,0.266785886918348,0.00195589133404027,575.846894269141
1.15718668626292,4.80062774499775e-05,0.227801391275653,0.223543155106358,0.183018204855709,0.00185800422594754,521.626077915156
1.15131703473815,4.79864879483593e-05,0.185774255882304,0.210707392976457,0.312430730399644,0.00199367730235441,539.782415361387
1.08724447095885,3.58845715564335e-05,0.185839066097278,0.214353939009156,0.234296876494995,0.00197164446862644,627.847345760268
1.16724621274501,4.73088101349613e-05,0.183073679140298,0.213090781794648,0.256680193134987,0.00180728650590191,528.982650135323
1.1888023815189,5.31640890846439e-05,0.18763563121973,0.258925973558382,0.28291614418713,0.00189141844584286,510.292488952392
1.04273505717305,3.35341843399528e-05,0.164004136682698,0.221176771727297,0.306217973854308,0.00189897515334144,693.10022948512
1.11403694117728,5.00886912735662e-05,0.20125394875389,0.214864620937917,0.337486744097176,0.00170904838187401,610.599801102494
1.03855164098577,4.80431243044851e-05,0.140459396351971,0.176036932718516,0.231704847345654,0.00173804170682394,628.227948266163
1.15509473791326,5.36343858236834e-05,0.183991216549438,0.254203727044894,0.268212877325599,0.00167646183885795,532.747506296119
1.18119783889434,4.22692922869925e-05,0.163989237720744,0.269861176868691,0.293346922376319,0.00178708045761645,531.121110925215
1.16711215747082,4.08622420527978e-05,0.21760778303764,0.271677163174054,0.291693545146441,0.00175283293180379,546.431809947619
1.16984750393465,5.31400452872162e-05,0.179986993158327,0.223002867247732,0.379692148175297,0.00193921380392652,523.24852424192
1.01487164904199,4.70465871291838e-05,0.140341215084794,0.246980503524833,0.35286292022732,0.00179594693622775,677.63043749132
1.12443719946865,4.78021903633545e-05,0.201435459358949,0.243927796357128,0.306573436011839,0.00174973182111128,558.099210681175
1.16582592832556,5.27399954341899e-05,0.188206852881144,0.235856615452268,0.314205283788074,0.0016872052675483,530.37398344796
1.13359776390347,4.139366547279e-05,0.207079140008323,0.274142582743195,0.373909806611532,0.00198066484054438,554.802769111176
1.17930554071233,4.78087661577169e-05,0.129065833602676,0.23480323231,0.234780204445142,0.00164214957763184,527.726917846313
1.16074088589654,4.29665775686969e-05,0.148594557121972,0.216391569411055,0.243595111127737,0.00177149657707273,544.843567973597
1.14672932969068,5.67723876443708e-05,0.209401050770009,0.249997254807829,0.330969755760032,0.00195001623224405,560.466113075128
1.19416633647427,5.27393655229932e-05,0.207227133931865,0.217472749298891,0.331273476280792,0.00192640176134049,519.238264798949
1.10717357988415,5.00171107010374e-05,0.149297678382279,0.21892824502178,0.349259285657456,0.00149717592598309,623.651318513163
1.18842872146071,4.53605908752237e-05,0.213321976543988,0.248621181918785,0.281877650882827,0.0017399506852698,512.227512602863
1.12691309650411,6.1107754229564e-05,0.179753005482733,0.265194449727746,0.331886369909895,0.00192977161056712,583.013078938882
1.19171871541934,3.63079108097113e-05,0.108975078504331,0.240711438493761,0.294828009913795,0.00194123134670981,535.144973779062
1.06287926042912,5.64600437744162e-05,0.151066944928649,0.24443937720001,0.37117263250284,0.00181384018914726,683.435376651341
0.984727327526503,4.4644871610578e-05,0.138451697579903,0.224389646995024,0.366675518709262,0.00179604741717135,678.064068598165
1.13171457731595,4.62553726074259e-05,0.194764308268461,0.221694480429264,0.302744899973932,0.00190307359734378,556.501648798382
1.06671322681912,4.47847099374008e-05,0.154727551263095,0.264696881781049,0.188640392000532,0.00181494475228983,601.320969137694
1.19988595607549,5.85449206371567e-05,0.17000654983765,0.225667366440545,0.318665566277294,0.00181897066520036,508.340248911174
1.02038475031073,4.91526153063841e-05,0.197883723747463,0.282312815473741,0.193235863825051,0.00188810863316826,635.474446114282
1.19781616721733,3.63759686107992e-05,0.166594471711509,0.264499370330013,0.31914251640764,0.00181938280090223,542.852292391061
1.07738355188283,4.93763277272917e-05,0.14810734604935,0.237171492482084,0.313651262426069,0.00161625863173454,649.625092941698
1.00002807780995,4.75739364274317e-05,0.167872186315458,0.239848018972623,0.233183152257574,0.00161664973419233,664.529769721181
1.19437946846347,6.01616485213966e-05,0.145798171452091,0.255176840679652,0.224283164965988,0.00196712274461553,519.370010742345
1.18023939074564,4.8173049169039e-05,0.177643567038818,0.210038118830696,0.417469056941272,0.00192121077415066,525.290887634015
1.16358436319079,3.68113458397942e-05,0.257311380763593,0.269301697363593,0.400240547656424,0.0019759266660558,554.610312157969
1.19011228870764,4.59506156497124e-05,0.226601944339569,0.218125442643651,0.245871918107592,0.00176488112520159,510.848792133133
1.09892572629967,4.72515361580169e-05,0.161103423867075,0.211256570835969,0.34707017333053,0.00177968111425907,587.46510474529
1.09069428545948,5.67339859201764e-05,0.208316472381292,0.248161975878138,0.395548398732278,0.00175550796356657,611.158278262528
1.16923930512566,3.61459089983936e-05,0.147817030391056,0.206897298229477,0.34614944657895,0.00183594220751829,576.015786837967
1.16268471389596,4.41385154999896e-05,0.169704636453332,0.247106791536514,0.269438517182076,0.00181467645880575,527.064530954596
1.04313934885308,4.77118753383344e-05,0.169708163366897,0.251749328322886,0.265043098383954,0.00180879913107364,675.050365543406
1.08334602195266,4.70082191856808e-05,0.168560822334777,0.230698510958678,0.374806606417128,0.00172779426376915,608.228591652772
1.08133895774302,5.29316932499228e-05,0.187122996819275,0.241821295111633,0.309244084322108,0.00161315245768991,610.570912607722
1.1466448200603,6.33515254152445e-05,0.155182993389648,0.262302841274721,0.364844697880112,0.00196186368380661,566.04840904894
1.04400364158558,4.23261846125164e-05,0.149206976632744,0.244639114688921,0.305711245267211,0.00183480485140522,636.301602087268
1.05701186520512,5.5508350164274e-05,0.167931196542444,0.208373694487462,0.265483418248239,0.00188756119702724,685.250605122649
1.17904401239114,3.74397013157827e-05,0.191627065621901,0.256213477222778,0.328212544629785,0.00184993481966785,532.628561412849
1.12815742342612,4.35684723160937e-05,0.176718226648051,0.234771871319834,0.289306508975232,0.00191353548433314,553.927234051411
1.19866569107013,3.30512599005576e-05,0.1451882747202,0.214522994444296,0.295218057110985,0.00189491372478187,558.666812678008
1.12150681628928,6.7072232921118e-05,0.127849375590598,0.213921802179751,0.23450840238814,0.00178814275827251,626.326772715546
1.10157797702781,5.47538109385286e-05,0.175653788327671,0.227858203039072,0.330336182235996,0.00172042274948465,641.351285287531
1.02768780490508,6.07501354757457e-05,0.167101969944352,0.227534376154297,0.306113607004036,0.00182517285160971,682.952285058593
0.997316507238478,6.47880624893906e-05,0.150376083633074,0.252535052280942,0.135743570607432,0.00190643567761453,734.29929481034
1.04109477848438,4.61963773693157e-05,0.130855241214503,0.22614043378571,0.390375178862346,0.00184871621236194,635.454806962113
1.08971088554163,5.18610323756148e-05,0.178966398334759,0.253376461342848,0.428345537843629,0.00187084442451823,600.174565221023
0.973336444051355,4.07013467038228e-05,0.126475622901489,0.232757822315275,0.262065402137996,0.00177690701517608,671.011905555738
0.889778707927386,5.19939212276802e-05,0.206033312236203,0.262507014080554,0.39409914659221,0.00187720150966573,821.426779494443
1.19717901796545,3.43692612921358e-05,0.1428981908991,0.23425639403209,0.275746376161061,0.00198931409519541,551.551017483567
1.03189390151601,5.69064455166699e-05,0.12545936855299,0.269163277463899,0.249870140789458,0.00178448141975095,698.659608092108
1.05790779370482,4.98644588688362e-05,0.190059617800164,0.217113522002123,0.323825804643062,0.00187363625260654,667.954675331698
1.16784866789168,5.27946028550656e-05,0.162850812950176,0.286112776285479,0.421118589471227,0.00191117972944177,523.298205066988
0.989510126049046,5.1347350332657e-05,0.113403818716028,0.256829149395509,0.227993917381616,0.0018418058310052,670.216411589767
1.08442086667233,3.31741158403319e-05,0.17669872252798,0.22619362206606,0.28549294827427,0.00175772117233651,655.580206743583
1.19409021729709,4.1038612504934e-05,0.115047755369199,0.222795244715304,0.34216266396736,0.00186317112018391,523.996320646317
1.07804265964105,5.81842181161663e-05,0.11847463114055,0.223537981841343,0.417766966192479,0.00176090234775277,638.696426232466
1.12834058230443,4.99728410544242e-05,0.172250592046641,0.250636917102114,0.270398410628043,0.00192996194507731,559.129911633088
1.13537785211549,4.92140226062498e-05,0.153908474474379,0.232904090343041,0.224210141546794,0.00187156560062254,547.258773876498
1.14233575534411,4.1758523164722e-05,0.121323312177713,0.247885351527677,0.281629952107214,0.0017580793575069,552.176677996147
1.16066175625661,5.96552011894168e-05,0.15257886085928,0.237925124607638,0.355488417732862,0.00190013427455447,548.249501373431
1.14526755228464,4.26073685937053e-05,0.211862204605349,0.234643007417991,0.220850277791802,0.00193007081225926,551.945586392026
1.15748234726715,5.49163737023136e-05,0.157929586366656,0.236951361952508,0.307025502263708,0.00173320526593142,531.918538918463
1.16782488011232,3.73356699006379e-05,0.188051957886116,0.244889304646734,0.316758641184632,0.00198569390638692,548.57176513927
0.986778527960181,4.43720421504987e-05,0.155366579765224,0.214736649699571,0.244875062672072,0.0019241460304823,659.008262004885
1.18078042697951,3.46319532613815e-05,0.197796105826261,0.213948206295249,0.405731133324814,0.00159318932627934,558.69645580775
1.01590129084157,5.13784975028619e-05,0.125532185550158,0.211659135989974,0.236044803842934,0.00184028679174577,645.574693372368
1.09996411397905,6.4189118664882e-05,0.154938423637095,0.221856422193292,0.207437331540549,0.0017756450633077,618.069926198646
1.15323671605145,5.20870583936669e-05,0.155925649155818,0.289143849118109,0.2627336176411,0.00172225219637686,538.302261889836
1.10079091989876,5.2284961384882e-05,0.202259906292559,0.264446177205464,0.37822264829386,0.00176813278927889,590.645914565979
1.07769082730528,3.85229252299746e-05,0.199023092128641,0.251501113832871,0.335943738817088,0.00182476827909189,640.057664750284
1.16504897813124,4.56168569690677e-05,0.187346079602221,0.232330292405067,0.366605267607993,0.00181397697027563,517.219555025248
1.03099193675533,7.25483659281476e-05,0.15705250960994,0.251130853008314,0.321852048266715,0.00175441850831783,750.310761455365
1.19360212500525,4.35369388210524e-05,0.183430111218066,0.222331723141665,0.276388976140831,0.00185631375012924,526.556707568214
1.180761493651,5.82071110967506e-05,0.16540284259924,0.239135558786709,0.275509123063407,0.0017017813798909,529.265358534636
1.14009915527915,5.82332847216099e-05,0.18167221123101,0.243317894600811,0.468798638396099,0.00194543384337828,573.060602039029
1.04536695358425,4.81556498875425e-05,0.133401682460723,0.23877401603193,0.291973251859571,0.00192196786686198,629.160628036252
1.1736864361229,4.48144831895592e-05,0.194296564305869,0.254814846962784,0.437458581611911,0.00196738114437339,504.548977935342
1.14183614857917,7.18838499077841e-05,0.210711031747298,0.206414133439806,0.370713190865608,0.00181369651045737,629.985692855433
1.08059660960388,6.58651370523412e-05,0.222004017746054,0.235689763380635,0.282379264002248,0.00194061194982532,662.587573756463
1.10526891769154,3.97435513145014e-05,0.147201344226611,0.243877478881514,0.359609821165021,0.00183284598653498,581.440842859303
1.04760843604099,3.35693345944802e-05,0.195779983190583,0.243741220161805,0.269277362805543,0.00192270359430726,682.113870620011
1.1617031519669,4.233204765644e-05,0.185738087921656,0.265307001658876,0.348909178951956,0.00170509157170247,540.098247125702
1.14838139413897,5.10450546242567e-05,0.156155259033252,0.241540465650149,0.320376245939419,0.00180678288657852,544.015337777152
1.19514224424149,4.48654866585615e-05,0.11216336115837,0.257613190186957,0.314101363021244,0.0018759171749497,512.330769505841
1.09959652764973,7.1871864519704e-05,0.173224177748866,0.233206938923441,0.281086336593458,0.0018987264669129,663.186656793858
1.11474684319136,6.74488832875148e-05,0.177258387887276,0.228034185743107,0.231194663319928,0.00171052026216063,620.62584141213
1.12014358762649,2.93772860248368e-05,0.166145994582796,0.203183546504976,0.361134621442526,0.00166925566184066,649.517591568294
1.15708180963954,4.67686078446388e-05,0.174308301752953,0.248343581677379,0.342578482994442,0.00196904043345818,527.000073287916
1.09123452689304,5.83429600884387e-05,0.127179891184314,0.246951802224076,0.34709815416117,0.00174378454069062,619.543373467687
1.1176586386117,5.72376322533419e-05,0.126250478138984,0.235517286287071,0.397107977543547,0.00171574361892772,598.59070887099
1.13703789823941,5.68422116924177e-05,0.149073875864292,0.21006034309846,0.296107575318863,0.00178008866603679,578.865235330079
1.13998661580758,4.26141801736459e-05,0.115350214864546,0.240682721518783,0.354276437052309,0.00189792965710078,567.388235750898
1.17864934339623,3.46278618922771e-05,0.18171215243749,0.26206576779939,0.29824228524336,0.00187582389052273,570.951378318083
1.16664006122191,5.91120148214345e-05,0.189498093386584,0.21556931838403,0.302972741232531,0.00175664636915965,544.652303956243
1.06829850344603,5.61042476499023e-05,0.142632261495142,0.241671987578725,0.288563015420993,0.00181812213661689,675.355787230471
1.18903541522462,2.91798277803575e-05,0.169220887044708,0.228364832620997,0.335976451440984,0.0017149971533019,586.742787608625
1.17847431224246,5.08621925703649e-05,0.174966072155235,0.225708099910636,0.342391675201275,0.00176893427369034,517.495295341423
1.19162082129501,6.74157158805504e-05,0.16513542989028,0.225892429419827,0.286792273676172,0.00181503439649783,536.941185894041
1.15097613962453,5.04665606673877e-05,0.154356122106093,0.260718176504433,0.302391342228594,0.0018697063845788,539.262743803599
1.19117079360096,5.34136947380168e-05,0.218150532764275,0.200616351128632,0.34810032047738,0.00182645612753611,495.592111576563
0.959777671925381,5.70795564548401e-05,0.249256434351954,0.212639209742373,0.396309869735636,0.00190352040625151,763.839056623664
1.14969533251555,5.02699082384089e-05,0.22494758448703,0.204235982219241,0.223752042968097,0.00197207946650609,538.979543636313
1.11318665258885,5.97692070137546e-05,0.261265084592232,0.203263370700876,0.344565595619356,0.00161859661947589,658.424947657099
1.11669279994594,4.94121468991731e-05,0.24063151880329,0.178582759694023,0.293575863321833,0.00193197381892942,587.510695641535
1.16517192596972,4.97296983102143e-05,0.149463552077867,0.199855533931014,0.301939145921363,0.00174209624023116,577.883871379388
1.05210535728599,4.25092973282807e-05,0.265925236092808,0.164571960535733,0.341868351952212,0.00180607872455888,620.789442084778
1.0418415322445,3.35637844441136e-05,0.246461198381045,0.193390136592198,0.401462153638179,0.00191974052750797,667.868179993033
1.05081192726369,5.14461891641224e-05,0.232347866123772,0.206508495720348,0.394873859564043,0.00195820841887182,678.880318971853
1.14299104187882,7.42823740723709e-05,0.244010521418797,0.210049687809843,0.353651469860808,0.00167855366366238,643.428111452839
1.03504524195624,4.51312003522736e-05,0.248389957281113,0.253653627678379,0.32545174107167,0.00191120469596582,661.844826936005
1.18324985735918,8.46790168747686e-05,0.22446209734296,0.233892832633379,0.294493395587053,0.00176888682179701,672.089464315523
1.14002916653956,5.69832010493505e-05,0.200155932103667,0.239645380686518,0.428966389005096,0.00190011772780715,569.413007565354
1.08016480300132,3.53133643118659e-05,0.243598829716939,0.209569921825047,0.368012135537488,0.0017002880790884,639.655231629281
0.985042095070962,4.76618601513293e-05,0.24436458602935,0.224545597429757,0.420378502591374,0.00170195313383992,673.397610893423
1.01698234343202,4.87021745224441e-05,0.19396177032431,0.18486753061017,0.364165568440665,0.00178854469738226,658.732678104173
1.17565228615062,5.94891272933016e-05,0.207180526874773,0.193812091530217,0.316922888986968,0.00192359892499643,572.98197102543
1.15662029426279,4.87740795794261e-05,0.239832522478791,0.210576134674632,0.352525001313068,0.00174043000555051,536.914234571807
1.07901242650913,4.06411982621724e-05,0.199072024940647,0.236714427019788,0.390824901006517,0.00178474341827983,654.123206487151
1.12700622129206,4.65032033394319e-05,0.222554011923357,0.216044496304362,0.272158444748207,0.00190340631288899,556.657770961368
1.08872310952677,3.03639133772505e-05,0.196506218934663,0.225850572528835,0.37756950687215,0.0016317024998413,669.27871019407
0.994509131657747,6.15201699192578e-05,0.174077888788198,0.212744589578512,0.337862348180795,0.00151444045474251,714.652227045445
1.18541797409771,4.37784204102499e-05,0.227784951129657,0.200830143289,0.293299653805939,0.00175388918391645,524.125833171667
1.11217210609525,4.71206100167643e-05,0.279647597127116,0.231807550855128,0.252677149788188,0.00186509367167932,565.711720799154
1.17437213660409,4.73143587362855e-05,0.206435148254515,0.2571372781112,0.288307868801266,0.00164187705768346,524.105635714314
1.17801090508369,6.87728506816485e-05,0.169798542057015,0.203786221850217,0.301369442768646,0.0018012862960604,585.981747224548
1.13429457388016,5.19295659704975e-05,0.211696130013001,0.201913145181715,0.309286317574691,0.00189352204045716,556.329323735649
1.02667162882828,4.1194412987428e-05,0.189672967453408,0.225866206768605,0.310685008911026,0.00178702441508603,637.51981781127
1.1709070709358,5.07828216872701e-05,0.191202224598501,0.217025546228482,0.344455795955619,0.00177639985608092,525.313003712673
1.0620917069824,8.02310508837557e-05,0.245316053673323,0.213707367149705,0.344529970138935,0.00193389506897784,792.136256791515
1.09143795273508,5.44453809591457e-05,0.227791854314027,0.186518081647474,0.39467394811552,0.00176473247928305,607.24430323097
1.15972449890256,4.25618713588942e-05,0.251243003329842,0.191674392201542,0.319200550372509,0.00175447720114772,539.679630357256
1.03331913245194,4.23634134763666e-05,0.221476108582174,0.166213135683492,0.346526918495098,0.0019489144002407,625.912828442439
1.02238260592398,5.85727344407956e-05,0.204446459128527,0.1787364917841,0.382354313084859,0.00158541456034654,679.573445019476
1.11224845702494,4.15592298962258e-05,0.223679669366437,0.185114646301018,0.298230609687734,0.00186260016828669,619.552264229524
0.980389686602918,7.71298667908078e-05,0.220891132969607,0.180720631940034,0.367479466238826,0.00178585662704541,884.624276499802
1.17417202327312,4.34319717825654e-05,0.250524479187251,0.190887739639168,0.335743060488485,0.00191905219082972,525.329625040131
1.03660866104022,4.54973871652962e-05,0.228542886360136,0.237114066902507,0.291302678520697,0.00185543812460157,682.960338610756
1.04644498486531,4.69265364745397e-05,0.214149926584371,0.175263149645732,0.350958125763103,0.00192722687378141,645.789293733676
1.08289199557695,5.71326513543995e-05,0.209700361067169,0.204231144907534,0.301533116245795,0.00179829817443419,625.723287119786
1.11238193096296,2.7120871453267e-05,0.168775669460976,0.194524389100469,0.425145910357678,0.00156059111857723,653.961570233408
1.16144774160383,4.81079777863819e-05,0.164877394959349,0.21691531421589,0.391605883233379,0.00171959927733672,528.77933249437
1.18652222710286,2.89818911108208e-05,0.202279047764966,0.193400539049995,0.264583114196933,0.00194525137682112,590.100680600375
1.17942398981217,5.20991842404592e-05,0.193547830666384,0.222440788090125,0.298467874236599,0.00178308950152289,506.239743156701
1.16646964064318,4.35856046262632e-05,0.229811852615946,0.194900766308157,0.415713090472918,0.00183536349970719,529.200900128692
1.14552330123873,5.90450000058296e-05,0.195144435130121,0.190211589871212,0.328900005395959,0.00171309291652354,560.730457145029
1.13710715874329,4.72396398818363e-05,0.201840454010852,0.20184255656535,0.414871269399947,0.0018888825783462,552.516342879202
1.0706476285601,4.35363186667121e-05,0.213327812428187,0.13419414184925,0.425079736679013,0.00191694714512579,642.391983238192
1.00487002142356,5.83446518622665e-05,0.25905384842477,0.18378393580731,0.272167530644542,0.00189040619722281,706.839229860702
1.07766532973312,4.62154031689162e-05,0.207566396858718,0.170821907748305,0.43172256905768,0.00161991895333926,604.64993812847
1.1880077852766,6.2540606741951e-05,0.187234757327216,0.190133360805595,0.340504179586554,0.00185139618412387,542.173115916354
1.14157458086529,5.87625455660377e-05,0.200189212721214,0.218338141306637,0.450550602479349,0.00175093064382508,587.600026943659
1.0769260629735,5.7171899455306e-05,0.259253217458733,0.184029848028177,0.270112838141974,0.00171247875795097,628.602000566463
1.06340808700338,5.68644514854444e-05,0.219272865673101,0.225700250000386,0.29297711061962,0.00196028254160297,633.021438872835
1.04617898835533,7.63845927643319e-05,0.194942978805547,0.196060278981528,0.343372206958255,0.00175637663179726,783.962683216135
1.19228434691627,7.13990100436149e-05,0.199921284742311,0.183486429355236,0.286228503464298,0.00165939575643623,565.333226248579
1.10928947632201,6.68329325228421e-05,0.150603930774194,0.242437673853927,0.337836895575365,0.00190341343921191,639.133474160546
1.17730405738355,4.92213125817799e-05,0.248029431510057,0.200229158292176,0.360070161489254,0.00164977841199183,520.322718369569
1.14961510214148,4.76886781046351e-05,0.229347824517346,0.210565881329173,0.372021574085384,0.0018709501817066,549.61891557767
1.14946815093709,6.28586122763246e-05,0.219692387343198,0.187338400030841,0.322335976717469,0.00168032801853919,565.797782597974
1.15716303456455,5.23536272139489e-05,0.215824599081414,0.222390201691565,0.340774475842396,0.00166694051792714,537.028478953192
1.11535168784486,5.57567253070306e-05,0.182847791190798,0.199274685833854,0.399108093147404,0.00190898610122003,588.998519665009
1.06813243884347,5.30252998793602e-05,0.291013234809269,0.193088707773591,0.320828877299603,0.00176916781994122,668.003387433136
1.15258159333496,4.02637340792037e-05,0.217015637007683,0.173726174127519,0.343554696942158,0.00185774370540114,547.165534963465
1.12811766157714,5.57928778750212e-05,0.193057240541368,0.25114138530616,0.405533285876334,0.00175381396780555,575.177976900751
1.19920376236686,4.8994568454055e-05,0.220951587886887,0.198378560118912,0.295018871847396,0.00187006787449068,507.236779954771
1.07811884472501,5.34600492531881e-05,0.197753794416566,0.220133942498764,0.263751050908455,0.001795389264859,607.65158809455
1.12124791307256,5.18676807201317e-05,0.245192593544692,0.207356339773839,0.352207478493369,0.00175946831321275,573.024162355262
1.07904887813414,4.4532070217686e-05,0.193865856674749,0.213462805227258,0.377414445403037,0.00185482681626973,654.247795570426
1.11582453072503,6.3866999024243e-05,0.17138380063982,0.176020785271952,0.383069175002769,0.00198211997443912,626.576383396919
1.11757464587091,4.9347125595572e-05,0.225570979055817,0.20881201226899,0.409864262617159,0.00188548207128597,574.462809859673
1.13553933508864,5.56197317953057e-05,0.228854163137927,0.208109830740685,0.311710395909911,0.00167422701210136,555.783806171776
1.09401725581966,5.59194859972952e-05,0.159345468277352,0.212611490150655,0.405991484826733,0.00190728933315245,611.549732732969
1.1420952382125,3.19058696800594e-05,0.220291716418082,0.209227276706521,0.359178925712003,0.00160457480657408,603.436436011416
1.03656681419027,6.23741091423942e-05,0.239257054153257,0.182547411503161,0.36492145538874,0.00194971989900349,755.435319636605
1.17749486414545,4.66471390689784e-05,0.238296463287407,0.152745603268795,0.351673386370033,0.00186255446231936,521.208565251798
1.18813351963635,5.36857564131369e-05,0.194348480255028,0.175783330684994,0.298685861545197,0.00177637921531379,510.844602101932
1.08481835457318,6.26654222109941e-05,0.181775471324594,0.18559160404503,0.295840956694941,0.00197996676544395,705.77596046597
1.0778184554904,5.50865275244228e-05,0.171333140098231,0.189080280612831,0.401334597636313,0.00164977163296583,626.167978641497
1.05035562753304,5.43042019100301e-05,0.207322330988143,0.234173779139247,0.321662304795322,0.00177664200930676,647.268385150158
1.15698678796513,5.41199422880651e-05,0.164526621777505,0.212824327299134,0.367968117266894,0.00187844122823196,529.268399864716
1.11304335585191,4.41847026690448e-05,0.215123594532286,0.226661761124893,0.377745229468924,0.00195795832236747,560.918644467374
1.13579560460936,5.70873750161233e-05,0.236457485183828,0.196669553849396,0.386388380368173,0.0019612201618718,569.650565351131
0.90920291610134,4.71640524200422e-05,0.250867492748969,0.236924061829112,0.320627536270337,0.0019379583960441,765.917748240323
1.18590034345649,5.46438933897848e-05,0.194042555141226,0.232171269030952,0.320842250362453,0.0017566255868101,522.212350484142
1.00439379739827,5.45022819823507e-05,0.2426591755338,0.198397140308813,0.332491210009044,0.00183726807079097,673.604713929206
1.05956022784936,5.01984313843303e-05,0.219910801660883,0.212017793566144,0.292599179137892,0.00187081911406922,620.916884684259
1.19439931012391,5.12673978999291e-05,0.250908998599728,0.197026107649192,0.318937794869769,0.00174087364796772,509.791622861125
1.18943503134404,7.30815528583874e-05,0.178333783036383,0.224656243042736,0.303529062674619,0.00174018330187122,561.760814000389
1.04366702086456,4.92310418154245e-05,0.233577197261506,0.182164937496144,0.307051540455163,0.00190131566349589,657.558031388735
1.07371313814567,5.01590603711011e-05,0.229741278369212,0.237831938311968,0.279228635836467,0.00189106302283453,617.282842220381
1.12491670390391,3.31905102480783e-05,0.18046739149754,0.191900182160938,0.386780004564175,0.00186864060296082,612.966150910923
1.14982643223592,4.39506188454311e-05,0.226030828778565,0.174426277756602,0.33132550377409,0.00176429497468978,541.828896818759
1.05954901931954,4.99960099781073e-05,0.211096077716187,0.228644283437342,0.424254078605848,0.00185003082432901,632.87502221451
0.974755898248033,5.33385690775987e-05,0.208909627614679,0.214939025331716,0.269185502536613,0.00188633749720325,704.695173893204
1.05720919879817,4.99159055345494e-05,0.252560618183038,0.191508635546742,0.389843887886893,0.0017612501585822,622.864279607165
1.08573812764648,4.60411292365408e-05,0.221252072627155,0.206175524279657,0.399501594476162,0.0019165923768402,610.902977257737
1.0542933755018,5.64455374125788e-05,0.238924440121457,0.228936914821202,0.275999908098171,0.00198105346111152,639.167660389993
1.01087596712277,7.24827480420534e-05,0.205994682343007,0.211349756812571,0.368648997714202,0.00181525241684045,787.851890759726
1.06606934744055,6.27719759222434e-05,0.2013434692787,0.166884993459137,0.418060311684356,0.00153482755753626,676.982565916136
1.04628801807879,7.00620797473293e-05,0.220632022757479,0.190792194664963,0.277607469945539,0.00181291497048663,725.76473736288
1.1945170578672,6.92288156920677e-05,0.212640693135035,0.179144911305885,0.336456173831322,0.00194043430228118,574.569899634897
1.15966750680911,4.44797435009018e-05,0.239655778299725,0.202380604764913,0.405147837811526,0.00183815710365691,532.171270934687
1.06387038849045,5.66799990232368e-05,0.208610959877547,0.215709466142094,0.414002910309192,0.0018885964773315,641.150275526074
0.97558610184705,5.34951203034121e-05,0.215816310581638,0.230809961891304,0.390344246562831,0.0017815693431288,721.261080324596
1.13406861232369,5.28608231352227e-05,0.191953108908871,0.229720151859198,0.327248063466182,0.00184569664907002,553.644643070496
1.02004535878088,5.75226354532761e-05,0.212672013969563,0.223733699020602,0.404362305349107,0.0018707630453143,729.811115061736
1.11798350487099,5.39589409068359e-05,0.201366149217107,0.188267960370725,0.299168284728545,0.00178113472706259,573.656181352395
1.08701088830988,7.654242576086e-05,0.235785217694072,0.190885006912628,0.347500547136317,0.00181754163131633,722.624848202031
1.16435808017289,5.85002005372991e-05,0.224435462749749,0.236517234603834,0.368386140837483,0.00174011956257622,533.794659829896
1.1927692768892,4.6969195783318e-05,0.227033937956303,0.15011068407273,0.415360447304881,0.001916270364842,511.953873076762
1.15036710796048,5.50894108868757e-05,0.221012419199872,0.214327765986176,0.309586288347751,0.00184081273580554,540.778043338984
1.01459010752869,6.68465727223273e-05,0.176156460044932,0.174309737671443,0.344561864415146,0.00194840563903938,769.144546354101
1.00738090736589,4.44856655180091e-05,0.281573573430187,0.228699484634189,0.354865086238808,0.00187347384458144,685.905945415394
1.11268711514245,3.42877625823246e-05,0.152444951060099,0.189399819721455,0.201684165892452,0.001923873540823,615.112905892172
1.08417719301014,5.12269762812074e-05,0.212189262870356,0.167883309322515,0.37742987907886,0.00182727291516496,623.789659081702
1.16970101168446,5.45257428260857e-05,0.229528644908892,0.200463914933394,0.293238455468665,0.00164052896616849,530.942557607863
1.08029109125957,3.92107834556197e-05,0.196178755822877,0.1700730713207,0.314267316500243,0.00149978290626856,626.923140394982
1.12382266108802,4.97707891511756e-05,0.254722429680665,0.170009670262825,0.38097207983891,0.00185593868283988,614.721250248122
1.19924967421628,6.85473512732171e-05,0.239964061511911,0.21244990839094,0.277245300908835,0.00185784821432533,539.078713378666
1.15641811506675,4.25122062495792e-05,0.243587256665295,0.199170558752388,0.312787417650892,0.0018697108386425,539.003478644372
1.14556449879463,5.90455676126204e-05,0.19829604465069,0.195758018576853,0.325203569979413,0.00189696324585013,561.600370493621
1.04398205468576,5.6912483471422e-05,0.196384098440847,0.199103323711751,0.456098791297014,0.00174860884228726,659.508494838618
0.987025639653711,4.09114227778682e-05,0.19470954081474,0.21443579647609,0.32190656318802,0.00189260161746606,665.24386448549
0.925703399043211,7.13294082493717e-05,0.240776301433782,0.215746110374531,0.245750206022275,0.00176700365960143,927.871846641498
1.06833680379097,4.99580667212012e-05,0.206695165525939,0.21421781097045,0.358783763681573,0.00179741742870219,608.643431153978
1.12526381263251,6.05142233082865e-05,0.217379872281217,0.17350026445015,0.309466287923519,0.0018053226072116,577.399333856533
1.11672434584747,5.85479545527372e-05,0.237786146688007,0.187044617530068,0.382296492555449,0.00170105125463426,602.385159936043
0.937569131807096,6.1284416379655e-05,0.248052817543232,0.21321184750242,0.456819158580695,0.00181329452972155,809.54048302496
1.15739613930066,5.09395765740819e-05,0.228329078396432,0.195979829159405,0.326460299170689,0.00190805857546877,536.381418052537
1.10700062899038,4.49087465653803e-05,0.214981641206895,0.181926556109691,0.342615238084225,0.00170836505580721,587.469806001191
1.06319370428946,4.15030029908929e-05,0.20133663716737,0.19007611892495,0.33739361091155,0.00175428417216392,631.423756459221
1.16537348955237,5.62655792020313e-05,0.205522508195273,0.178078980884205,0.329840538884155,0.00194500877195094,597.539864703984
1.09901845203373,5.50732046785611e-05,0.21303023084646,0.229059877098923,0.309272704593556,0.00186097949051968,603.10894018578
1.10760452569053,6.30936961718964e-05,0.204543565207457,0.19442883676141,0.408836853825823,0.00165729368900258,631.803126748023
1.16571334338555,4.3504568146706e-05,0.20492482674281,0.196756401940456,0.341874129087525,0.0018001888102303,533.362780408237
1.12688595707954,5.88154493085176e-05,0.259075080650646,0.193442908225483,0.331415120366322,0.00192815398628477,586.849207873322
1.1093812811951,6.50874043145232e-05,0.209541553939503,0.188394887266202,0.328938922180128,0.00189963603506479,627.665472441639
1.09565395042935,4.56281198240004e-05,0.281686305986194,0.200445260891314,0.360432350525462,0.00153849380787375,585.276903769177
1.10055886330871,5.35264048823715e-05,0.257952900902013,0.189065573065424,0.415594123846404,0.00199168176755035,609.488733676836
1.1142100048647,6.79725633513955e-05,0.187236919928873,0.152570707782486,0.358567082004685,0.00167740999283779,646.700151183727
1.12068622870518,6.39676896238277e-05,0.17124472939053,0.197746107385317,0.369850454974942,0.00178248260924424,606.927151560159
1.08370140349117,5.17667957895374e-05,0.254920868505806,0.186546758020237,0.344324889541656,0.00180063275119861,602.744775287167
1.18644222190718,5.47558718776899e-05,0.173895866135931,0.216325900566197,0.288718060148264,0.00180064384227413,514.687248363326
1.04034460349497,5.18372667920681e-05,0.230048481515087,0.226161861643852,0.354089375860658,0.00186558910999911,688.744913808601
1.02088541692248,5.53898457190324e-05,0.229351598178912,0.201188145773157,0.388916001381398,0.00187867685981599,668.463375869386
1.10503411825252,7.11314145433497e-05,0.194693504232159,0.179640130214961,0.356150454640569,0.00175091935425383,672.77221778193
1.15558373017892,5.08415947548615e-05,0.21920161641319,0.217633384232468,0.368226395828563,0.00195901837184437,537.710848547659
1.18737604810622,5.59453631122157e-05,0.2002633642853,0.209464684976518,0.312994815611088,0.00195045778031884,512.337643719668
1.0845526205723,5.51688642450786e-05,0.216756220078795,0.219080712444884,0.334556068982917,0.00167853317496784,662.542113370207
1.14734482698909,4.04078194061976e-05,0.237936783259521,0.208843298690189,0.330772818799712,0.00160557067056416,587.746186808671
1.19660781906101,4.1401454810013e-05,0.240294516815575,0.202318839706339,0.317271160610446,0.00164093142738719,535.59729371349
1.18209483197106,5.19745819989317e-05,0.225578006458454,0.164742486197672,0.328939406775118,0.00191793250274692,514.064441532923
1.12719170414632,4.40035443991357e-05,0.234249613014994,0.205548852175698,0.347253605575754,0.00184487421546341,563.454035468395
1.17336484659864,5.88120699088468e-05,0.214916596980142,0.189675207169447,0.380444243741783,0.00188883312949479,543.587237689567
1.11859012086616,6.81776698440676e-05,0.211133613998711,0.177258675033616,0.286331430184141,0.00183432805026109,633.973799187044
1.10754441180075,6.25195760485675e-05,0.159488359691538,0.212078883744708,0.413539275930327,0.00198370336562708,626.712488090443
1.13853966503055,4.82759597311842e-05,0.194151721241444,0.186477733938673,0.345791180328552,0.00192310148667365,547.525206866061
1.11149192184669,4.52472626701566e-05,0.129696392070256,0.152139970667441,0.34230680712943,0.00168506618506034,574.93272644989
1.1963714618883,4.96920329659041e-05,0.184652661495733,0.226162628567278,0.355355623661324,0.00193715036610193,504.41355573979
1.18635277691537,4.25527824330805e-05,0.244396436025243,0.228743611406856,0.407455323515709,0.00178234847795434,516.625622914431
1.06460376878597,6.13890532268542e-05,0.228052670603613,0.2070490382063,0.351162316357854,0.00159227610775262,652.574679044432
1.15552968064988,4.77932074604398e-05,0.218262287897144,0.218588208582864,0.366381149562294,0.00176732752628887,535.22714541954
1.03027500470217,5.78562139781813e-05,0.257037203185801,0.198502224241222,0.350083378572768,0.00179950954622873,662.618391526658
1.19472946393455,5.54102466451477e-05,0.194998629843568,0.169139660604605,0.405871407228314,0.00165283516432724,514.375006957511
1.14877961052839,5.62042321533781e-05,0.153573485618609,0.216948184246897,0.345844288267627,0.00199859513481371,556.609648884883
1.09170964390009,5.31605288578686e-05,0.214998389424047,0.217971082651851,0.426921791476426,0.00182218131587819,648.754333720615
1.13365197214972,6.21669947274693e-05,0.241694688283514,0.184498102392488,0.335083482915607,0.00192560794213812,591.054775101107
1.19916611852525,4.18433601678784e-05,0.111152313561851,0.192137098304192,0.362160787058988,0.0017680282893871,528.031090506215
1.1590387974509,5.25808869782397e-05,0.230750297477777,0.199723988424264,0.298844082768109,0.00177116306700738,534.765443987089
1.03078551310199,7.4327437665663e-05,0.195973203962732,0.185156713048934,0.451286057621635,0.00170499999848979,806.53142696983
1.12368930555138,6.04013727485417e-05,0.206258159707307,0.233251444671287,0.303982392202267,0.00189760967884972,583.466023586772
1.07134342758174,4.19179317275877e-05,0.231670252933036,0.230924607337827,0.323668978433104,0.0018827776968454,614.289645672172
1.06442437387981,5.61717691888376e-05,0.183706708270623,0.196859779269067,0.361013530974165,0.00173007381813307,642.556897150958
1.09625535122024,5.29816611926296e-05,0.164871645972184,0.24651177202757,0.312373736257091,0.00179330203709304,601.904433029903
1.19940003670908,4.64939716558479e-05,0.235345941648231,0.162245177507603,0.273190638487742,0.00171432775700671,514.850764354205
1.18097937733073,4.13465935869602e-05,0.218990715582922,0.192783034294532,0.408514824157106,0.00177703923566699,554.700750018365
1.1661437087345,6.39559059242256e-05,0.230272121696433,0.21658724084183,0.327680838252008,0.00187112718019393,578.055731130258
1.0337738828439,6.09761059240968e-05,0.188484393877237,0.187693109569904,0.363821623572876,0.00184998581296738,676.720278472881
1.12026939793765,4.40987834477575e-05,0.196380016695223,0.199187439328092,0.321118672405236,0.00182332942414085,609.073329076815
1.19686196834882,6.84182923310892e-05,0.214343627038805,0.207531762192367,0.314576582386755,0.00191817550209163,559.800651445322
1.07063636631506,6.70998992284475e-05,0.216175820548608,0.208186236764976,0.309909014147534,0.00166065202600579,678.667003818867
1.17444215999866,5.60127688710201e-05,0.215558752702092,0.178796262698981,0.365680041834741,0.00198390451411032,537.958435345178
1.02529324494633,5.19837932666249e-05,0.204671295930838,0.233095569436256,0.364208937497697,0.00170046490012493,645.758205102754
1.18809444980465,6.01118442138823e-05,0.183813463261787,0.191606988907472,0.303468777754118,0.00195464539491633,531.734113351576
1.04868233057944,5.90334587541766e-05,0.203290268135647,0.207870180733534,0.322423004447829,0.00189876564356988,655.925530927815
0.999900605844982,7.20851225323451e-05,0.231067450611205,0.21396387306913,0.350141271057081,0.0018185531082393,822.20863355378
1.08029044099509,6.51608909341901e-05,0.185669555936134,0.20394454065238,0.398180700583016,0.00164574035287261,724.998640076312
1.16850417228485,5.96522750840566e-05,0.21776103222686,0.182040425587482,0.312290015015918,0.00176906518613022,589.553160935647
1.19274740373726,7.13589090336659e-05,0.157840569832584,0.166880082977204,0.361779572290313,0.0019225356139871,587.406403472847
